-- MariaDB dump 10.19  Distrib 10.9.8-MariaDB, for debian-linux-gnu (x86_64)
--
-- Host: localhost    Database: memorize
-- ------------------------------------------------------
-- Server version	10.9.8-MariaDB-1:10.9.8+maria~ubu2204

/*!40101 SET @OLD_CHARACTER_SET_CLIENT=@@CHARACTER_SET_CLIENT */;
/*!40101 SET @OLD_CHARACTER_SET_RESULTS=@@CHARACTER_SET_RESULTS */;
/*!40101 SET @OLD_COLLATION_CONNECTION=@@COLLATION_CONNECTION */;
/*!40101 SET NAMES utf8 */;
/*!40103 SET @OLD_TIME_ZONE=@@TIME_ZONE */;
/*!40103 SET TIME_ZONE='+00:00' */;
/*!40014 SET @OLD_UNIQUE_CHECKS=@@UNIQUE_CHECKS, UNIQUE_CHECKS=0 */;
/*!40014 SET @OLD_FOREIGN_KEY_CHECKS=@@FOREIGN_KEY_CHECKS, FOREIGN_KEY_CHECKS=0 */;
/*!40101 SET @OLD_SQL_MODE=@@SQL_MODE, SQL_MODE='NO_AUTO_VALUE_ON_ZERO' */;
/*!40111 SET @OLD_SQL_NOTES=@@SQL_NOTES, SQL_NOTES=0 */;

--
-- Table structure for table `Folder`
--

DROP TABLE IF EXISTS `Folder`;
/*!40101 SET @saved_cs_client     = @@character_set_client */;
/*!40101 SET character_set_client = utf8 */;
CREATE TABLE `Folder` (
  `id` int(11) NOT NULL AUTO_INCREMENT,
  `name` varchar(191) NOT NULL,
  `creatorId` varchar(191) NOT NULL,
  `createdAt` datetime(3) NOT NULL DEFAULT current_timestamp(3),
  `updatedAt` datetime(3) NOT NULL DEFAULT current_timestamp(3),
  PRIMARY KEY (`id`),
  KEY `Folder_creatorId_fkey` (`creatorId`),
  CONSTRAINT `Folder_creatorId_fkey` FOREIGN KEY (`creatorId`) REFERENCES `User` (`id`) ON DELETE CASCADE ON UPDATE CASCADE
) ENGINE=InnoDB AUTO_INCREMENT=71 DEFAULT CHARSET=utf8mb4 COLLATE=utf8mb4_unicode_ci;
/*!40101 SET character_set_client = @saved_cs_client */;

--
-- Dumping data for table `Folder`
--

LOCK TABLES `Folder` WRITE;
/*!40000 ALTER TABLE `Folder` DISABLE KEYS */;
INSERT INTO `Folder` VALUES
(70,'3','cmd2s4cbq0000tbbcown1hlpd','2025-07-14 07:25:53.979','2025-07-14 07:25:53.979');
/*!40000 ALTER TABLE `Folder` ENABLE KEYS */;
UNLOCK TABLES;

--
-- Table structure for table `Question`
--

DROP TABLE IF EXISTS `Question`;
/*!40101 SET @saved_cs_client     = @@character_set_client */;
/*!40101 SET character_set_client = utf8 */;
CREATE TABLE `Question` (
  `id` int(11) NOT NULL AUTO_INCREMENT,
  `content` varchar(191) NOT NULL,
  `answer` varchar(191) NOT NULL,
  `quizSetId` int(11) NOT NULL,
  `createdAt` datetime(3) NOT NULL DEFAULT current_timestamp(3),
  PRIMARY KEY (`id`),
  KEY `Question_quizSetId_fkey` (`quizSetId`),
  CONSTRAINT `Question_quizSetId_fkey` FOREIGN KEY (`quizSetId`) REFERENCES `QuizSet` (`id`) ON DELETE CASCADE ON UPDATE CASCADE
) ENGINE=InnoDB AUTO_INCREMENT=6710 DEFAULT CHARSET=utf8mb4 COLLATE=utf8mb4_unicode_ci;
/*!40101 SET character_set_client = @saved_cs_client */;

--
-- Dumping data for table `Question`
--

LOCK TABLES `Question` WRITE;
/*!40000 ALTER TABLE `Question` DISABLE KEYS */;
INSERT INTO `Question` VALUES
(5480,'resume','이력서',256,'2025-07-14 10:22:52.018'),
(5481,'opening','공석,결원;개장,개시',256,'2025-07-14 10:22:52.018'),
(5482,'applicant','지원자,신청자',256,'2025-07-14 10:22:52.018'),
(5483,'requirement','필요조건,요건',256,'2025-07-14 10:22:52.018'),
(5484,'meet','(필요〮요구 등을 만족시키다)',256,'2025-07-14 10:22:52.018'),
(5485,'qualified','자격있는,적격의',256,'2025-07-14 10:22:52.018'),
(5486,'candidate','후보자, 지원자',256,'2025-07-14 10:22:52.018'),
(5487,'confidence','확신,자신;신임',256,'2025-07-14 10:22:52.018'),
(5488,'highly','매우,대단히',256,'2025-07-14 10:22:52.018'),
(5489,'professional','전문적인,직업의,전문가',256,'2025-07-14 10:22:52.018'),
(5490,'interview','면접,면접을 보다',256,'2025-07-14 10:22:52.018'),
(5491,'hire','고용하다',256,'2025-07-14 10:22:52.018'),
(5492,'training','교육,훈련',256,'2025-07-14 10:22:52.018'),
(5493,'reference','추천서,참고',256,'2025-07-14 10:22:52.018'),
(5494,'position','일자리,직책,두다',256,'2025-07-14 10:22:52.018'),
(5495,'achievement','성취,달성',256,'2025-07-14 10:22:52.018'),
(5496,'impressed','인상 깊게 생각하는, 감명을 받은',256,'2025-07-14 10:22:52.018'),
(5497,'excellent','훌륭한, 탁월한',256,'2025-07-14 10:22:52.018'),
(5498,'eligible','자격이 있는,적격의',256,'2025-07-14 10:22:52.018'),
(5499,'identify','알아보다, 확인하다',256,'2025-07-14 10:22:52.018'),
(5500,'associate','관련시키다',256,'2025-07-14 10:22:52.018'),
(5501,'condition','조건',256,'2025-07-14 10:22:52.018'),
(5502,'employment','고용',256,'2025-07-14 10:22:52.018'),
(5503,'lack','~이 없다,부족',256,'2025-07-14 10:22:52.018'),
(5504,'managerial','관리의',256,'2025-07-14 10:22:52.018'),
(5505,'diligent','성실한',256,'2025-07-14 10:22:52.018'),
(5506,'familiar','익숙한,친숙한',256,'2025-07-14 10:22:52.018'),
(5507,'proficiency','숙달, 능숙',256,'2025-07-14 10:22:52.018'),
(5508,'prospective','장래의,미래의',256,'2025-07-14 10:22:52.018'),
(5509,'appeal','관심을 끌다, 매력적이다',256,'2025-07-14 10:22:52.018'),
(5510,'specialize','~을 전공하다,전문적으로 다루다',256,'2025-07-14 10:22:52.018'),
(5511,'apprehensive','걱정하는,염려하는',256,'2025-07-14 10:22:52.018'),
(5512,'consultant','고문,컨설턴트',256,'2025-07-14 10:22:52.018'),
(5513,'entitle','자격을 주다',256,'2025-07-14 10:22:52.018'),
(5514,'degree','학위',256,'2025-07-14 10:22:52.018'),
(5515,'payroll','임금 대장, 급료 명부',256,'2025-07-14 10:22:52.018'),
(5516,'recruit','(신입 사원 등을)모집하다',256,'2025-07-14 10:22:52.018'),
(5517,'certification','증명서,증명',256,'2025-07-14 10:22:52.018'),
(5518,'occupation','직업',256,'2025-07-14 10:22:52.018'),
(5519,'wage','임금, 급료',256,'2025-07-14 10:22:52.018'),
(5520,'application form','신청서',256,'2025-07-14 10:22:52.018'),
(5521,'attire','복장, 옷차림새',257,'2025-07-14 10:22:52.044'),
(5522,'code','규범, 관례, 암호',257,'2025-07-14 10:22:52.044'),
(5523,'concern','우려, 걱정, 문제, 일 ~을 걱정스럽게 하다, 영향을 미치다, 관련되다',257,'2025-07-14 10:22:52.044'),
(5524,'policy','규정, 보험 증권',257,'2025-07-14 10:22:52.044'),
(5525,'comply','준수하다, 따르다',257,'2025-07-14 10:22:52.044'),
(5526,'regulation','규정',257,'2025-07-14 10:22:52.044'),
(5527,'exception','예외',257,'2025-07-14 10:22:52.044'),
(5528,'adhere','지키다, 고수하다',257,'2025-07-14 10:22:52.044'),
(5529,'severely','엄격하게, 심하게',257,'2025-07-14 10:22:52.044'),
(5530,'refrain','자제하다, 삼가다',257,'2025-07-14 10:22:52.044'),
(5531,'permission','허락, 허가',257,'2025-07-14 10:22:52.044'),
(5532,'access','이용 권한, 접근, 통로, ~에 접근하다, 도달하다',257,'2025-07-14 10:22:52.044'),
(5533,'thoroughly','철저하게, 완전히, 대단히',257,'2025-07-14 10:22:52.044'),
(5534,'revise','(의견 및 계획을)수정하다, 변경하다',257,'2025-07-14 10:22:52.044'),
(5535,'approach','접근법, 처리 방법, 다가오다, 가까워지다',257,'2025-07-14 10:22:52.044'),
(5536,'approval','승인, 인가',257,'2025-07-14 10:22:52.044'),
(5537,'form','종류, 유형, 양식',257,'2025-07-14 10:22:52.044'),
(5538,'immediately','즉시, 곧',257,'2025-07-14 10:22:52.044'),
(5539,'inspection','점검, 검사',257,'2025-07-14 10:22:52.044'),
(5540,'arrangement','준비, 마련, 주선',257,'2025-07-14 10:22:52.044'),
(5541,'procedure','절차',257,'2025-07-14 10:22:52.044'),
(5542,'negative','부정적인, 비판적인',257,'2025-07-14 10:22:52.044'),
(5543,'mandate','명령하다, 지시하다, 권한, 지시, 명령',257,'2025-07-14 10:22:52.044'),
(5544,'effect','(법률 등의)효력, 효과, 영향, 결과로서 ~을 가져오다',257,'2025-07-14 10:22:52.044'),
(5545,'drastically','심하게, 과감하게, 철저하게',257,'2025-07-14 10:22:52.044'),
(5546,'according to','~에 따라',257,'2025-07-14 10:22:52.044'),
(5547,'enable','(무엇을) 가능하게 하다',257,'2025-07-14 10:22:52.044'),
(5548,'standard','기준, 표준',257,'2025-07-14 10:22:52.044'),
(5549,'constant','지속적인, 끊임없이 계속하는',257,'2025-07-14 10:22:52.044'),
(5550,'act','법령, 결의서, 행위, 행동 결정하다, 판결을 내리다, 행동하다',257,'2025-07-14 10:22:52.044'),
(5551,'compensation','보상금, 보상',257,'2025-07-14 10:22:52.044'),
(5552,'ban','금지, 금지하다',257,'2025-07-14 10:22:52.044'),
(5553,'obligation','의무, 책임',257,'2025-07-14 10:22:52.044'),
(5554,'authorize','~을 인가하다, 권한을 부여하다',257,'2025-07-14 10:22:52.044'),
(5555,'prohibit','금지하다',257,'2025-07-14 10:22:52.044'),
(5556,'abolish','(제도 및 법률 등을) 폐지하다',257,'2025-07-14 10:22:52.044'),
(5557,'enforce','(법률을) 시행하다, 집행하다',257,'2025-07-14 10:22:52.044'),
(5558,'habit','습관, 버릇',257,'2025-07-14 10:22:52.044'),
(5559,'legislation','법률, 법규',257,'2025-07-14 10:22:52.044'),
(5560,'restrict','한정하다, 제한하다',257,'2025-07-14 10:22:52.044'),
(5561,'bend over','몸을 앞으로 숙이다',257,'2025-07-14 10:22:52.044'),
(5562,'accustomed','익숙한',258,'2025-07-14 10:22:52.057'),
(5563,'corporation','주식회사, 법인',258,'2025-07-14 10:22:52.057'),
(5564,'demanding','요구가 많은, 힘든',258,'2025-07-14 10:22:52.057'),
(5565,'colleague','(직업상의) 동료',258,'2025-07-14 10:22:52.057'),
(5566,'division','부서',258,'2025-07-14 10:22:52.057'),
(5567,'request','요청, 요청하다',258,'2025-07-14 10:22:52.057'),
(5568,'efficiently','효율적으로',258,'2025-07-14 10:22:52.057'),
(5569,'manage','~을 경영하다, 가까스로 하다',258,'2025-07-14 10:22:52.057'),
(5570,'submit','제출하다',258,'2025-07-14 10:22:52.057'),
(5571,'directly','곧바로',258,'2025-07-14 10:22:52.057'),
(5572,'remind','~에게 상기시키다, 일깨우다',258,'2025-07-14 10:22:52.057'),
(5573,'instruct','지시하다, 가르치다',258,'2025-07-14 10:22:52.057'),
(5574,'deadline','마감일, 마감 시간',258,'2025-07-14 10:22:52.057'),
(5575,'sample','견본,샘플,표본,시식하다,(견본으로 질을) 시험하다',258,'2025-07-14 10:22:52.057'),
(5576,'notify','~에게 통지하다, 알리다',258,'2025-07-14 10:22:52.057'),
(5577,'perform','(일〮과제 〮의무 등을) 행하다, 실행하다',258,'2025-07-14 10:22:52.057'),
(5578,'monitor','화면, 모니터, 감독하다, 감시하다, 검토하다',258,'2025-07-14 10:22:52.057'),
(5579,'deserve','~할 만하다, ~할 가치가 있다',258,'2025-07-14 10:22:52.057'),
(5580,'assignment','일, 임무, 과제',258,'2025-07-14 10:22:52.057'),
(5581,'entire','전체의',258,'2025-07-14 10:22:52.057'),
(5582,'release','발표하다, 공개하다, 출시, 발매',258,'2025-07-14 10:22:52.057'),
(5583,'extension','연장, 연기, (전화의) 내선',258,'2025-07-14 10:22:52.057'),
(5584,'electronically','컴퓨터 통신망으로, 컴퓨터로',258,'2025-07-14 10:22:52.057'),
(5585,'attendance','출근, 출석',258,'2025-07-14 10:22:52.057'),
(5586,'absolutely','절대적으로, 완전히',258,'2025-07-14 10:22:52.057'),
(5587,'delegate','(권한 등을) 위임하다, 대표',258,'2025-07-14 10:22:52.057'),
(5588,'attentively','주의 깊게, 조심스럽게',258,'2025-07-14 10:22:52.057'),
(5589,'supervision','감독',258,'2025-07-14 10:22:52.057'),
(5590,'workshop','워크숍, 연수',258,'2025-07-14 10:22:52.057'),
(5591,'draw','끌다, 끌어당기다',258,'2025-07-14 10:22:52.057'),
(5592,'revision','수정, 개정',258,'2025-07-14 10:22:52.057'),
(5593,'reluctantly','마지못해, 꺼려하여',258,'2025-07-14 10:22:52.057'),
(5594,'acquaint','~에게 숙지시키다, 잘 알게 하다',258,'2025-07-14 10:22:52.057'),
(5595,'convey','(용건을) 전달하다',258,'2025-07-14 10:22:52.057'),
(5596,'check','검사, 검사하다, 조사하다, 확인하다',258,'2025-07-14 10:22:52.057'),
(5597,'headquarters','본부',258,'2025-07-14 10:22:52.057'),
(5598,'file','서류, (서류를) 정리하다, 철하다 (서류,신청,고소 등을) 정식으로 제기하다, 제출하다',258,'2025-07-14 10:22:52.057'),
(5599,'oversee','감독하다',258,'2025-07-14 10:22:52.057'),
(5600,'involved','관여하는, 관계된, 연루된',258,'2025-07-14 10:22:52.057'),
(5601,'concentrate','집중하다, 집중시키다',258,'2025-07-14 10:22:52.057'),
(5602,'a sheet of','~한 장',258,'2025-07-14 10:22:52.057'),
(5603,'lax','(행동 등이)느슨한, 규율에 못 미치는',259,'2025-07-14 10:22:52.066'),
(5604,'procrastinate','미루다, 꾸물거리다',259,'2025-07-14 10:22:52.066'),
(5605,'combined','결합된, 합동의',259,'2025-07-14 10:22:52.066'),
(5606,'accomplish','성취하다',259,'2025-07-14 10:22:52.066'),
(5607,'voluntarily','자발적으로',259,'2025-07-14 10:22:52.066'),
(5608,'undertake','(일을) 떠맡다',259,'2025-07-14 10:22:52.066'),
(5609,'assume','(증거는 없으나)사실이라고 생각하다, (책임〮역할을) 맡다',259,'2025-07-14 10:22:52.066'),
(5610,'occasionally','가끔, 때때로',259,'2025-07-14 10:22:52.066'),
(5611,'employee','직원, 고용인',259,'2025-07-14 10:22:52.066'),
(5612,'assist','돕다, 조력하다',259,'2025-07-14 10:22:52.066'),
(5613,'satisfied','만족하는, 만족스러워하는',259,'2025-07-14 10:22:52.066'),
(5614,'manner','방식, 태도',259,'2025-07-14 10:22:52.066'),
(5615,'responsible','책임이 있는, 책임져야 할',259,'2025-07-14 10:22:52.066'),
(5616,'conduct','(업무의) 수행, (업무 등을)수행하다',259,'2025-07-14 10:22:52.066'),
(5617,'adjust','적응하다',259,'2025-07-14 10:22:52.066'),
(5618,'personnel','(집합적)직원, 인원, 인사과',259,'2025-07-14 10:22:52.066'),
(5619,'agree','동의하다',259,'2025-07-14 10:22:52.066'),
(5620,'supervise','감독하다, 지도하다',259,'2025-07-14 10:22:52.066'),
(5621,'coworker','동료, 협력자',259,'2025-07-14 10:22:52.066'),
(5622,'direct','~에게 길을 안내하다, 가르쳐주다',259,'2025-07-14 10:22:52.066'),
(5623,'confidential','기밀의, 내밀한',259,'2025-07-14 10:22:52.066'),
(5624,'assign','배정하다, 할당하다',259,'2025-07-14 10:22:52.066'),
(5625,'leading','지도, 통솔, 선도적인, 일류의, 가장 중요한, 선두적인',259,'2025-07-14 10:22:52.066'),
(5626,'formal','격식을 갖춘',259,'2025-07-14 10:22:52.066'),
(5627,'remove','해임하다, 제거하다',259,'2025-07-14 10:22:52.066'),
(5628,'collect','모으다, 수집하다',259,'2025-07-14 10:22:52.066'),
(5629,'coordinate','조정하다',259,'2025-07-14 10:22:52.066'),
(5630,'hardly','거의~하지 않다',259,'2025-07-14 10:22:52.066'),
(5631,'abstract','추상적인, 막연한',259,'2025-07-14 10:22:52.066'),
(5632,'directory','주소록',259,'2025-07-14 10:22:52.066'),
(5633,'accountable','책임이 있는',259,'2025-07-14 10:22:52.066'),
(5634,'skillfully','능숙하게, 솜씨있게',259,'2025-07-14 10:22:52.066'),
(5635,'exclusive','독점적인, 배타적인',259,'2025-07-14 10:22:52.066'),
(5636,'intention','의지, 의향',259,'2025-07-14 10:22:52.066'),
(5637,'transform','바꾸다, 변모시키다',259,'2025-07-14 10:22:52.066'),
(5638,'respectful','정중한, 존중하는',259,'2025-07-14 10:22:52.066'),
(5639,'duplicate','사본',259,'2025-07-14 10:22:52.066'),
(5640,'contrary','반대',259,'2025-07-14 10:22:52.066'),
(5641,'disturbing','충격적인, 불안감을 주는, 방해하는',259,'2025-07-14 10:22:52.066'),
(5642,'engage','관여하다, 종사하다',259,'2025-07-14 10:22:52.066'),
(5643,'foster','촉진하다, 육성하다',259,'2025-07-14 10:22:52.066'),
(5644,'sophisticated','(기계가)정교한, 복잡한, 세련된',260,'2025-07-14 10:22:52.076'),
(5645,'timely','시기적절한, 때를 맞춘',260,'2025-07-14 10:22:52.076'),
(5646,'realistically','현실적으로',260,'2025-07-14 10:22:52.076'),
(5647,'promptly','즉시, 정각에',260,'2025-07-14 10:22:52.076'),
(5648,'accessible','출입할 수 있는, 이용할 수 있는',260,'2025-07-14 10:22:52.076'),
(5649,'implement','실시하다, 실행하다',260,'2025-07-14 10:22:52.076'),
(5650,'feedback','의견, 반응',260,'2025-07-14 10:22:52.076'),
(5651,'outstanding','우수한, (부채 등이)미지불 된',260,'2025-07-14 10:22:52.076'),
(5652,'inform','~에게 알리다',260,'2025-07-14 10:22:52.076'),
(5653,'replacement','교체, 후임자',260,'2025-07-14 10:22:52.076'),
(5654,'announcement','공고, 발표',260,'2025-07-14 10:22:52.076'),
(5655,'department','(조직 및 기구의) 부서',260,'2025-07-14 10:22:52.076'),
(5656,'permanently','영구적으로, 불변으로',260,'2025-07-14 10:22:52.076'),
(5657,'fulfill','(조건을) 만족시키다, (약속 및 의무 등을) 지키다, 이행하다',260,'2025-07-14 10:22:52.076'),
(5658,'outline','개요, 설명하다, 약술하다',260,'2025-07-14 10:22:52.076'),
(5659,'explain','설명하다',260,'2025-07-14 10:22:52.076'),
(5660,'contain','포함하다',260,'2025-07-14 10:22:52.076'),
(5661,'compile','(자료 등을) 편집하다, 모으다',260,'2025-07-14 10:22:52.076'),
(5662,'subsequent','차후의, 그 다음의',260,'2025-07-14 10:22:52.076'),
(5663,'overview','개요, 개관',260,'2025-07-14 10:22:52.076'),
(5664,'provider','공급자, 제공자',260,'2025-07-14 10:22:52.076'),
(5665,'matter','중요하다, 문제되다, 문제, 일',260,'2025-07-14 10:22:52.076'),
(5666,'expertise','전문 지식, 전문 기술',260,'2025-07-14 10:22:52.076'),
(5667,'demonstrate','증명하다, (모형 〮실험 등으로) 설명하다',260,'2025-07-14 10:22:52.076'),
(5668,'remainder','나머지',260,'2025-07-14 10:22:52.076'),
(5669,'essential','필수적인, 극히 중요한, 본질적인',260,'2025-07-14 10:22:52.076'),
(5670,'divide','분배하다, 나누다',260,'2025-07-14 10:22:52.076'),
(5671,'major','주요한, 중대한',260,'2025-07-14 10:22:52.076'),
(5672,'compliance','(명령 〮 법규에의) 준수',260,'2025-07-14 10:22:52.076'),
(5673,'clarify','명확하게 하다',260,'2025-07-14 10:22:52.076'),
(5674,'face','표면, 외관, (문제 등에) 직면하다, 향하다, 마주보다',260,'2025-07-14 10:22:52.076'),
(5675,'follow','~을 따라가다, 주시하다, (분명히) 이해하다',260,'2025-07-14 10:22:52.076'),
(5676,'aspect','관점, 국면',260,'2025-07-14 10:22:52.076'),
(5677,'apparently','보기에 ~한 듯한, 외관상으로는',260,'2025-07-14 10:22:52.076'),
(5678,'aware','알고 있는, 인식하고 있는',260,'2025-07-14 10:22:52.076'),
(5679,'extended','(기간 등을)연장한, 장기간에 걸친',260,'2025-07-14 10:22:52.076'),
(5680,'accidentally','뜻하지 않게, 우연히',260,'2025-07-14 10:22:52.076'),
(5681,'advisable','바람직한, 합당한',260,'2025-07-14 10:22:52.076'),
(5682,'concerned','염려하는, 걱정하는, 관련된',260,'2025-07-14 10:22:52.076'),
(5683,'speak','이야기하다',260,'2025-07-14 10:22:52.076'),
(5684,'briefcase','서류 가방',260,'2025-07-14 10:22:52.076'),
(5685,'rest','쉬다, 휴식을 취하다, 휴식, 나머지',261,'2025-07-14 10:22:52.085'),
(5686,'exhibition','전시회',261,'2025-07-14 10:22:52.085'),
(5687,'celebrity','유명 인사, 명사',261,'2025-07-14 10:22:52.085'),
(5688,'live','(라디오 · TV가) 생방송인',261,'2025-07-14 10:22:52.085'),
(5689,'improvise','(연주 · 연설 등을) 즉흥적으로 하다, 즉석에서 만들다',261,'2025-07-14 10:22:52.085'),
(5690,'popular','인기 있는',261,'2025-07-14 10:22:52.085'),
(5691,'donation','기증, 기부',261,'2025-07-14 10:22:52.085'),
(5692,'alumni','동창생들, 졸업생들',261,'2025-07-14 10:22:52.085'),
(5693,'present','제시하다, 현재의, 참석한',261,'2025-07-14 10:22:52.085'),
(5694,'admission','입장',261,'2025-07-14 10:22:52.085'),
(5695,'banquet','연회, 만찬',261,'2025-07-14 10:22:52.085'),
(5696,'anniversary','기념일',261,'2025-07-14 10:22:52.085'),
(5697,'required','필수의, 의무적인',261,'2025-07-14 10:22:52.085'),
(5698,'succeed','성공하다, 뒤를 잇다',261,'2025-07-14 10:22:52.085'),
(5699,'collection','소장품, 수집물, 징수, 수금',261,'2025-07-14 10:22:52.085'),
(5700,'fund','raising - 모금',261,'2025-07-14 10:22:52.085'),
(5701,'resume','재개하다, 다시 시작하다',261,'2025-07-14 10:22:52.085'),
(5702,'issue','(출판물의)제~호, 문제, 쟁점',261,'2025-07-14 10:22:52.085'),
(5703,'subscription','(정기 발행물의)구독',261,'2025-07-14 10:22:52.085'),
(5704,'appear','나타나다, 출현하다',261,'2025-07-14 10:22:52.085'),
(5705,'accompany','동행하다, 동반하다',261,'2025-07-14 10:22:52.085'),
(5706,'edition','(간행물의) 판',261,'2025-07-14 10:22:52.085'),
(5707,'specifically','명확하게, 분명히, 특히, 특별히',261,'2025-07-14 10:22:52.085'),
(5708,'anonymous','익명의, 이름을 모르는',261,'2025-07-14 10:22:52.085'),
(5709,'commit','헌신하다, 전념하다',261,'2025-07-14 10:22:52.085'),
(5710,'informative','유익한, 정보를 주는',261,'2025-07-14 10:22:52.085'),
(5711,'audience','청중, 관중',261,'2025-07-14 10:22:52.085'),
(5712,'author','작가, 저자',261,'2025-07-14 10:22:52.085'),
(5713,'note','주목하다, 특별히 언급하다',261,'2025-07-14 10:22:52.085'),
(5714,'antique','골동품',261,'2025-07-14 10:22:52.085'),
(5715,'manuscript','원고',261,'2025-07-14 10:22:52.085'),
(5716,'beneficial','유익한, 이로운',261,'2025-07-14 10:22:52.085'),
(5717,'upcoming','곧 있을, 다가오는',261,'2025-07-14 10:22:52.085'),
(5718,'lend','빌려주다',261,'2025-07-14 10:22:52.085'),
(5719,'current','현재의, 현행의, 통용되는',261,'2025-07-14 10:22:52.085'),
(5720,'local','지방의, 고장의',261,'2025-07-14 10:22:52.085'),
(5721,'variety','다양성, 변화, 종류, 품종',261,'2025-07-14 10:22:52.085'),
(5722,'advocate','옹호자',261,'2025-07-14 10:22:52.085'),
(5723,'contributor','기고가, 공헌자',261,'2025-07-14 10:22:52.085'),
(5724,'defy','저항하다, (설명 · 묘사 등이) 거의 불가능하다',261,'2025-07-14 10:22:52.085'),
(5725,'fascinating','매혹적인, 황홀한',261,'2025-07-14 10:22:52.085'),
(5726,'survey','설문 조사',262,'2025-07-14 10:22:52.099'),
(5727,'analysis','분석',262,'2025-07-14 10:22:52.099'),
(5728,'respondent','응답자',262,'2025-07-14 10:22:52.099'),
(5729,'monopoly','(상품의)독점, 전매',262,'2025-07-14 10:22:52.099'),
(5730,'competition','경쟁',262,'2025-07-14 10:22:52.099'),
(5731,'consistently','항상, 일관되게',262,'2025-07-14 10:22:52.099'),
(5732,'demand','수요, 요구하다',262,'2025-07-14 10:22:52.099'),
(5733,'do one\'s utmost','전력을 다하다',262,'2025-07-14 10:22:52.099'),
(5734,'expand','확장하다, 확대하다',262,'2025-07-14 10:22:52.099'),
(5735,'advanced','고급의, 진보한, 앞선',262,'2025-07-14 10:22:52.099'),
(5736,'postpone','연기하다, 뒤로 미루다',262,'2025-07-14 10:22:52.099'),
(5737,'additional','추가의, 부가적인',262,'2025-07-14 10:22:52.099'),
(5738,'appreciate','고맙게 생각하다, 높이 평가하다, 감상하다',262,'2025-07-14 10:22:52.099'),
(5739,'demonstration','설명, 드러냄, 시연',262,'2025-07-14 10:22:52.099'),
(5740,'buy','사다, 구입하다',262,'2025-07-14 10:22:52.099'),
(5741,'examine','조사하다',262,'2025-07-14 10:22:52.099'),
(5742,'effective','효과적인, (법률 등이) 발효되는, 시행되는',262,'2025-07-14 10:22:52.099'),
(5743,'like','좋아하다',262,'2025-07-14 10:22:52.099'),
(5744,'especially','특히',262,'2025-07-14 10:22:52.099'),
(5745,'closely','면밀히, 엄밀히',262,'2025-07-14 10:22:52.099'),
(5746,'reserve','예약하다, 지정하다, 보존하다',262,'2025-07-14 10:22:52.099'),
(5747,'cooperate','협력하다, 협동하다',262,'2025-07-14 10:22:52.099'),
(5748,'very','매우, 대단히, 아주',262,'2025-07-14 10:22:52.099'),
(5749,'consecutive','연속적인',262,'2025-07-14 10:22:52.099'),
(5750,'expectation','예상, 기대',262,'2025-07-14 10:22:52.099'),
(5751,'publicize','공표하다, 광고하다, 선전하다',262,'2025-07-14 10:22:52.099'),
(5752,'raise','높이다, 올리다, (의문을)제기하다',262,'2025-07-14 10:22:52.099'),
(5753,'extremely','극도로, 대단히',262,'2025-07-14 10:22:52.099'),
(5754,'affect','~에 영향을 미치다, 불리하게 작용하다',262,'2025-07-14 10:22:52.099'),
(5755,'target','목표, 목표로 삼다',262,'2025-07-14 10:22:52.099'),
(5756,'campaign','운동, 캠페인',262,'2025-07-14 10:22:52.099'),
(5757,'probable','개연성이 높은, 유망한',262,'2025-07-14 10:22:52.099'),
(5758,'focus','집중시키다, 집중하다',262,'2025-07-14 10:22:52.099'),
(5759,'seasonal','계절의, 계절적인',262,'2025-07-14 10:22:52.099'),
(5760,'impact','영향, 충격',262,'2025-07-14 10:22:52.099'),
(5761,'comparison','비교',262,'2025-07-14 10:22:52.099'),
(5762,'gap','격차',262,'2025-07-14 10:22:52.099'),
(5763,'mounting','증가하는, 오르는',262,'2025-07-14 10:22:52.099'),
(5764,'reflective','반영하는',262,'2025-07-14 10:22:52.099'),
(5765,'after all','결국',262,'2025-07-14 10:22:52.099'),
(5766,'answer the phone','전화를 받다',262,'2025-07-14 10:22:52.099'),
(5767,'advertisement','광고',263,'2025-07-14 10:22:52.108'),
(5768,'marginal','약간의, 주변의',263,'2025-07-14 10:22:52.108'),
(5769,'customer','고객',263,'2025-07-14 10:22:52.108'),
(5770,'influence','~에 영향을 주다, 영향',263,'2025-07-14 10:22:52.108'),
(5771,'instantly','즉각적으로, 즉시',263,'2025-07-14 10:22:52.108'),
(5772,'creative','창조적인, 독창적인',263,'2025-07-14 10:22:52.108'),
(5773,'aggressively','적극적으로',263,'2025-07-14 10:22:52.108'),
(5774,'aim','~을 겨누다, 목표, 목적',263,'2025-07-14 10:22:52.108'),
(5775,'strategy','전략',263,'2025-07-14 10:22:52.108'),
(5776,'indicate','보여주다, 나타내다',263,'2025-07-14 10:22:52.108'),
(5777,'attract','끌다, 유인하다',263,'2025-07-14 10:22:52.108'),
(5778,'experience','경험, 체험, 체험하다, 경험하다',263,'2025-07-14 10:22:52.108'),
(5779,'analyze','분석하다, 분석적으로 검토하다',263,'2025-07-14 10:22:52.108'),
(5780,'introduce','(신제품을) 발표하다, 소개하다',263,'2025-07-14 10:22:52.108'),
(5781,'advise','조언해 주다, 충고하다',263,'2025-07-14 10:22:52.108'),
(5782,'subscribe','구독하다',263,'2025-07-14 10:22:52.108'),
(5783,'absence','부재, 결근, 결석',263,'2025-07-14 10:22:52.108'),
(5784,'means','방법, 수단',263,'2025-07-14 10:22:52.108'),
(5785,'prefer','(다른 것보다)~을 더 좋아하다, 선호하다',263,'2025-07-14 10:22:52.108'),
(5786,'advantage','이점, 강점',263,'2025-07-14 10:22:52.108'),
(5787,'forward','앞으로, (물건, 정보를)보내다',263,'2025-07-14 10:22:52.108'),
(5788,'contemporary','동시대의, 현대의, 당대의',263,'2025-07-14 10:22:52.108'),
(5789,'discussion','토론, 토의',263,'2025-07-14 10:22:52.108'),
(5790,'initial','처음의, 최초의',263,'2025-07-14 10:22:52.108'),
(5791,'steadily','착실하게, 꾸준히',263,'2025-07-14 10:22:52.108'),
(5792,'necessarily','반드시',263,'2025-07-14 10:22:52.108'),
(5793,'resolve','(문제 등을)해결하다',263,'2025-07-14 10:22:52.108'),
(5794,'detect','간파하다, 탐지하다',263,'2025-07-14 10:22:52.108'),
(5795,'intensify','강화하다, 증대하다, 강렬하게 만들다',263,'2025-07-14 10:22:52.108'),
(5796,'favorably','호의적으로, 순조롭게',263,'2025-07-14 10:22:52.108'),
(5797,'cover','포함하다, 지불하다, 덮다',263,'2025-07-14 10:22:52.108'),
(5798,'less','보다 적은, 덜한',263,'2025-07-14 10:22:52.108'),
(5799,'majority','대부분, 대다수',263,'2025-07-14 10:22:52.108'),
(5800,'adopt','채택하다',263,'2025-07-14 10:22:52.108'),
(5801,'largely','주로, 대부분',263,'2025-07-14 10:22:52.108'),
(5802,'disregard','소홀히 하다, 무시하다',263,'2025-07-14 10:22:52.108'),
(5803,'effort','노력',263,'2025-07-14 10:22:52.108'),
(5804,'incentive','혜택, 장려금',263,'2025-07-14 10:22:52.108'),
(5805,'need','필요, 요구, 욕구, ~할 필요가 있다',263,'2025-07-14 10:22:52.108'),
(5806,'mastermind','(계획 등의)입안자, 지도자',263,'2025-07-14 10:22:52.108'),
(5807,'celebration','축하',263,'2025-07-14 10:22:52.108'),
(5808,'stagnant','침체된, 불경기의',264,'2025-07-14 10:22:52.117'),
(5809,'dramatically','극적으로',264,'2025-07-14 10:22:52.117'),
(5810,'brisk','활발한, 호황의',264,'2025-07-14 10:22:52.117'),
(5811,'unstable','불안정한, 변하기 쉬운',264,'2025-07-14 10:22:52.117'),
(5812,'rapidly','급속히, 빨리',264,'2025-07-14 10:22:52.117'),
(5813,'soar','(물가 등이)폭등하다, 높이 치솟다',264,'2025-07-14 10:22:52.117'),
(5814,'assert','단언하다, 주장하다',264,'2025-07-14 10:22:52.117'),
(5815,'boost','(경기를) 부양시키다, 상승시키다',264,'2025-07-14 10:22:52.117'),
(5816,'analyst','분석가',264,'2025-07-14 10:22:52.117'),
(5817,'potential','잠재적인, 가능성',264,'2025-07-14 10:22:52.117'),
(5818,'pleased','만족해하는, 기쁜',264,'2025-07-14 10:22:52.117'),
(5819,'remain','계속 ~한 상태이다, 아직 ~해야 한다',264,'2025-07-14 10:22:52.117'),
(5820,'limited','제한된, 한정된',264,'2025-07-14 10:22:52.117'),
(5821,'costly','비용이 많이 드는, 손실이 큰',264,'2025-07-14 10:22:52.117'),
(5822,'particular','특정한',264,'2025-07-14 10:22:52.117'),
(5823,'drastic','과감한, 급격한',264,'2025-07-14 10:22:52.117'),
(5824,'evenly','고르게, 균등하게',264,'2025-07-14 10:22:52.117'),
(5825,'evidence','증거',264,'2025-07-14 10:22:52.117'),
(5826,'prospect','전망, 예상',264,'2025-07-14 10:22:52.117'),
(5827,'lead','이끌다, 지휘하다, (어떤 결과에)이르다',264,'2025-07-14 10:22:52.117'),
(5828,'fall','(값·가치가)하락하다',264,'2025-07-14 10:22:52.117'),
(5829,'period','기간, 시기',264,'2025-07-14 10:22:52.117'),
(5830,'indicator','지표, 지수',264,'2025-07-14 10:22:52.117'),
(5831,'industry','산업',264,'2025-07-14 10:22:52.117'),
(5832,'likely','~할 것 같은',264,'2025-07-14 10:22:52.117'),
(5833,'boom','붐, 호황',264,'2025-07-14 10:22:52.117'),
(5834,'director','임원, 책임자',264,'2025-07-14 10:22:52.117'),
(5835,'substitute','대용품, 대신하다',264,'2025-07-14 10:22:52.117'),
(5836,'consequence','결과',264,'2025-07-14 10:22:52.117'),
(5837,'fairly','상당히, 꽤',264,'2025-07-14 10:22:52.117'),
(5838,'economical','경제적인, 절약되는',264,'2025-07-14 10:22:52.117'),
(5839,'thrive','번영하다, 성공하다',264,'2025-07-14 10:22:52.117'),
(5840,'implication','영향, 밀접한 관계',264,'2025-07-14 10:22:52.117'),
(5841,'wane','감소, 쇠퇴',264,'2025-07-14 10:22:52.117'),
(5842,'prosperity','번영',264,'2025-07-14 10:22:52.117'),
(5843,'depression','불황',264,'2025-07-14 10:22:52.117'),
(5844,'dwindle','줄어들다, 감소되다',264,'2025-07-14 10:22:52.117'),
(5845,'impede','저해하다, 방해하다',264,'2025-07-14 10:22:52.117'),
(5846,'promising','유망한, 전망이 좋은',264,'2025-07-14 10:22:52.117'),
(5847,'adversity','역경, 불운',264,'2025-07-14 10:22:52.117'),
(5848,'business hours','영업 시간',264,'2025-07-14 10:22:52.117'),
(5849,'purchase','구매하다, 구매',265,'2025-07-14 10:22:52.131'),
(5850,'price','가격',265,'2025-07-14 10:22:52.131'),
(5851,'affordable','(가격이) 알맞은, 감당할 수 있는',265,'2025-07-14 10:22:52.131'),
(5852,'exactly','정확히',265,'2025-07-14 10:22:52.131'),
(5853,'installment','할부',265,'2025-07-14 10:22:52.131'),
(5854,'notice','통지, 공고',265,'2025-07-14 10:22:52.131'),
(5855,'charge','요금, 청구 금액, 책임, 의무, ~을 청구하다 (외상으로) 달아놓다',265,'2025-07-14 10:22:52.131'),
(5856,'experienced','경험이 있는, 노련한, 능숙한',265,'2025-07-14 10:22:52.131'),
(5857,'instruction','설명, 지시',265,'2025-07-14 10:22:52.131'),
(5858,'expert','전문가, 전문가의, 전문적인',265,'2025-07-14 10:22:52.131'),
(5859,'warranty','(품질 등의) 보증, 보증서',265,'2025-07-14 10:22:52.131'),
(5860,'refund','환불하다, 환불, 환불금',265,'2025-07-14 10:22:52.131'),
(5861,'subscriber','가입자, 구독자',265,'2025-07-14 10:22:52.131'),
(5862,'delivery','배달',265,'2025-07-14 10:22:52.131'),
(5863,'receipt','영수증',265,'2025-07-14 10:22:52.131'),
(5864,'carefully','주의 깊게, 신중히',265,'2025-07-14 10:22:52.131'),
(5865,'offer','제공하다, 제공, 오퍼',265,'2025-07-14 10:22:52.131'),
(5866,'benefit','혜택, 이익, 혜택을 보다, 이익을 얻다',265,'2025-07-14 10:22:52.131'),
(5867,'exclusively','오로지, 독점적으로',265,'2025-07-14 10:22:52.131'),
(5868,'description','(제품 등의) 설명, 해설',265,'2025-07-14 10:22:52.131'),
(5869,'relatively','상대적으로',265,'2025-07-14 10:22:52.131'),
(5870,'preparation','준비, 대비',265,'2025-07-14 10:22:52.131'),
(5871,'spare','아끼다, 할애하다, 예배의, 여분의',265,'2025-07-14 10:22:52.131'),
(5872,'area','지역, 구역',265,'2025-07-14 10:22:52.131'),
(5873,'clearance','정리, 없애기, 허가',265,'2025-07-14 10:22:52.131'),
(5874,'alter','(성질·형상을) 고치다, 바꾸다',265,'2025-07-14 10:22:52.131'),
(5875,'apply','적용하다, 지원하다',265,'2025-07-14 10:22:52.131'),
(5876,'mutually','서로, 상호간에',265,'2025-07-14 10:22:52.131'),
(5877,'method','방식, 방법',265,'2025-07-14 10:22:52.131'),
(5878,'acceptable','용인되는, 받아들일 수 있는, 훌륭한,  만족스러운',265,'2025-07-14 10:22:52.131'),
(5879,'desire','욕구, 갈망, 원하다, 바라다',265,'2025-07-14 10:22:52.131'),
(5880,'redeemable','(현금·상품과)교환할 수 있는, 환급할 수 있는',265,'2025-07-14 10:22:52.131'),
(5881,'officially','공식적으로',265,'2025-07-14 10:22:52.131'),
(5882,'consumption','소비(량), 소모',265,'2025-07-14 10:22:52.131'),
(5883,'qualify','~의 자격을 얻다',265,'2025-07-14 10:22:52.131'),
(5884,'fabric','섬유, 천',265,'2025-07-14 10:22:52.131'),
(5885,'auction','경매',265,'2025-07-14 10:22:52.131'),
(5886,'authentic','진정한, 진짜의, 진품의',265,'2025-07-14 10:22:52.131'),
(5887,'valid','유효한',265,'2025-07-14 10:22:52.131'),
(5888,'vendor','노점상, 가판대, 판매업체',265,'2025-07-14 10:22:52.131'),
(5889,'bakery','빵집, 제과점',265,'2025-07-14 10:22:52.131'),
(5890,'research','연구, 조사',266,'2025-07-14 10:22:52.140'),
(5891,'devise','고안하다, 발명하다',266,'2025-07-14 10:22:52.140'),
(5892,'revolutionary','혁명적인',266,'2025-07-14 10:22:52.140'),
(5893,'innovative','혁신적인',266,'2025-07-14 10:22:52.140'),
(5894,'feature','특징, 특색, 특징으로 삼다, 특별히 포함하다',266,'2025-07-14 10:22:52.140'),
(5895,'inspiration','영감',266,'2025-07-14 10:22:52.140'),
(5896,'sufficiently','충분히',266,'2025-07-14 10:22:52.140'),
(5897,'patent','특허, 특허권, 특허품',266,'2025-07-14 10:22:52.140'),
(5898,'envision','(장래의 일 등을) 계획하다, 상상하다',266,'2025-07-14 10:22:52.140'),
(5899,'extend','연장하다, (기간을)늘리다, (감사의 뜻을)말하다, 베풀다',266,'2025-07-14 10:22:52.140'),
(5900,'following','~후에, 다음의, 다음에 오는',266,'2025-07-14 10:22:52.140'),
(5901,'intend','~할 작정이다, 의도하다',266,'2025-07-14 10:22:52.140'),
(5902,'grant','(인정하여 정식으로) 수여하다, 주다, (연구비·장학금 등의) 보조금',266,'2025-07-14 10:22:52.140'),
(5903,'allow','~하게하다, ~을 허락하다',266,'2025-07-14 10:22:52.140'),
(5904,'inspect','~을 검사하다, 조사하다',266,'2025-07-14 10:22:52.140'),
(5905,'improve','향상시키다, 개선하다',266,'2025-07-14 10:22:52.140'),
(5906,'increasingly','점점, 더욱더',266,'2025-07-14 10:22:52.140'),
(5907,'invest','투자하다, 운용하다',266,'2025-07-14 10:22:52.140'),
(5908,'various','여러 가지의, 가지각색의',266,'2025-07-14 10:22:52.140'),
(5909,'upgrade','업그레이드,개량형,업그레이드하다,개선하다',266,'2025-07-14 10:22:52.140'),
(5910,'manual','설명서, 안내서',266,'2025-07-14 10:22:52.140'),
(5911,'explore','조사하다, 탐구하다',266,'2025-07-14 10:22:52.140'),
(5912,'response','응답, 대답',266,'2025-07-14 10:22:52.140'),
(5913,'appearance','외관, 외모',266,'2025-07-14 10:22:52.140'),
(5914,'successful','성공적인, 성공한',266,'2025-07-14 10:22:52.140'),
(5915,'hold','~을 수용하다, ~을 담다, (회의 등을)개최하다, 열다',266,'2025-07-14 10:22:52.140'),
(5916,'advance','진보, 전진',266,'2025-07-14 10:22:52.140'),
(5917,'reliable','믿을 만한, 신뢰할 수 있는',266,'2025-07-14 10:22:52.140'),
(5918,'quality','품질, 질',266,'2025-07-14 10:22:52.140'),
(5919,'domestic','국내의, 국산의',266,'2025-07-14 10:22:52.140'),
(5920,'development','개발, 발전',266,'2025-07-14 10:22:52.140'),
(5921,'availability','(입수)가능성, 유효성, 유용성',266,'2025-07-14 10:22:52.140'),
(5922,'update','갱신,개정,갱신하다, 최신의 것으로 하다',266,'2025-07-14 10:22:52.140'),
(5923,'accurate','정확한',266,'2025-07-14 10:22:52.140'),
(5924,'complicated','복잡한',266,'2025-07-14 10:22:52.140'),
(5925,'accomplished','숙련된, 노련한',266,'2025-07-14 10:22:52.140'),
(5926,'inquiry','문의, 질문',266,'2025-07-14 10:22:52.140'),
(5927,'indication','징후, 조짐',266,'2025-07-14 10:22:52.140'),
(5928,'manufacturer','제조 회사, 제조업자',266,'2025-07-14 10:22:52.140'),
(5929,'compatible','호환되는, 양립할 수 있는',266,'2025-07-14 10:22:52.140'),
(5930,'superior','우수한, 상급의',266,'2025-07-14 10:22:52.140'),
(5931,'equipment','장비, 설비',267,'2025-07-14 10:22:52.149'),
(5932,'automate','자동화하다',267,'2025-07-14 10:22:52.149'),
(5933,'specification','명세서, 설명서, 사양',267,'2025-07-14 10:22:52.149'),
(5934,'properly','제대로, 정확하게',267,'2025-07-14 10:22:52.149'),
(5935,'safety','안전',267,'2025-07-14 10:22:52.149'),
(5936,'precaution','예방 조치, 예방책',267,'2025-07-14 10:22:52.149'),
(5937,'operate','(기계 등이) 작동하다, 움직이다',267,'2025-07-14 10:22:52.149'),
(5938,'processing','가공, 처리',267,'2025-07-14 10:22:52.149'),
(5939,'capacity','용량, 수용력, 역할',267,'2025-07-14 10:22:52.149'),
(5940,'assemble','(부품·기계 등을)조립하다, (사람을)모으다',267,'2025-07-14 10:22:52.149'),
(5941,'utilize','이용하다, 활용하다',267,'2025-07-14 10:22:52.149'),
(5942,'place','~을 ~한 상태에 두다,  (지시·주문·신청 등을) 하다',267,'2025-07-14 10:22:52.149'),
(5943,'fill','~을 채우다, (주문대로) 이행하다',267,'2025-07-14 10:22:52.149'),
(5944,'manufacturing','제조(업)의',267,'2025-07-14 10:22:52.149'),
(5945,'renovate','(낡은 건물·가구 등을)개조하다, 수리하다,  보수하다',267,'2025-07-14 10:22:52.149'),
(5946,'decision','결정, 판단',267,'2025-07-14 10:22:52.149'),
(5947,'material','재료, 물질',267,'2025-07-14 10:22:52.149'),
(5948,'success','성공, 성과',267,'2025-07-14 10:22:52.149'),
(5949,'attribute','(원인을)~의 덕분으로 돌리다',267,'2025-07-14 10:22:52.149'),
(5950,'efficiency','효율, 능률',267,'2025-07-14 10:22:52.149'),
(5951,'limit','한계, 제한',267,'2025-07-14 10:22:52.149'),
(5952,'tailored','맞춤의, 주문에 따라 맞춘',267,'2025-07-14 10:22:52.149'),
(5953,'component','부품, (구성)요소',267,'2025-07-14 10:22:52.149'),
(5954,'capable','~을 할 수 있는, ~할 능력이 있는',267,'2025-07-14 10:22:52.149'),
(5955,'economize','절약하다, 아끼다',267,'2025-07-14 10:22:52.149'),
(5956,'flexible','융통성 있는, 유연한, 잘 구부러지는',267,'2025-07-14 10:22:52.149'),
(5957,'comparable','필적하는, 비교되는',267,'2025-07-14 10:22:52.149'),
(5958,'produce','생산하다',267,'2025-07-14 10:22:52.149'),
(5959,'respectively','각각, 따로',267,'2025-07-14 10:22:52.149'),
(5960,'device','장치',267,'2025-07-14 10:22:52.149'),
(5961,'trim','(깎아) 다듬다, 없애다, 삭감하다',267,'2025-07-14 10:22:52.149'),
(5962,'launch','(신제품을) 출시하다',267,'2025-07-14 10:22:52.149'),
(5963,'separately','개별적으로, 따로따로',267,'2025-07-14 10:22:52.149'),
(5964,'expiration','(기간·임기 등의) 만료, 만기',267,'2025-07-14 10:22:52.149'),
(5965,'maneuver','이동시키다, 움직이다',267,'2025-07-14 10:22:52.149'),
(5966,'coming','다가오는',267,'2025-07-14 10:22:52.149'),
(5967,'damaged','손상된, 손해를 입은',267,'2025-07-14 10:22:52.149'),
(5968,'prevent','~을 막다, ~을 예방하다',267,'2025-07-14 10:22:52.149'),
(5969,'power','전력, 전기',267,'2025-07-14 10:22:52.149'),
(5970,'chemical','화학 제품',267,'2025-07-14 10:22:52.149'),
(5971,'minimize','최소화하다, 축소하다',267,'2025-07-14 10:22:52.149'),
(5972,'complaint','불평',268,'2025-07-14 10:22:52.159'),
(5973,'deal','처리하다, 거래하다, 분배하다, 거래',268,'2025-07-14 10:22:52.159'),
(5974,'argumentative','논쟁적인, 논쟁을 좋아하는',268,'2025-07-14 10:22:52.159'),
(5975,'appropriately','적절하게',268,'2025-07-14 10:22:52.159'),
(5976,'respond','응답하다',268,'2025-07-14 10:22:52.159'),
(5977,'infuriate','화나게 하다, 격분시키다',268,'2025-07-14 10:22:52.159'),
(5978,'courteous','예의 바른',268,'2025-07-14 10:22:52.159'),
(5979,'satisfaction','만족',268,'2025-07-14 10:22:52.159'),
(5980,'inconvenience','불편, ~에게 불편을 느끼게 하다',268,'2025-07-14 10:22:52.159'),
(5981,'complete','완료하다, 완성하다, 완료된, 완성된',268,'2025-07-14 10:22:52.159'),
(5982,'specific','구체적인, 명확한',268,'2025-07-14 10:22:52.159'),
(5983,'return','반환하다, 반송하다, 돌아오다, 돌아가다',268,'2025-07-14 10:22:52.159'),
(5984,'replace','~을 교체하다, 대체하다',268,'2025-07-14 10:22:52.159'),
(5985,'presentation','발표',268,'2025-07-14 10:22:52.159'),
(5986,'evaluation','평가',268,'2025-07-14 10:22:52.159'),
(5987,'confident','확신하는, 자신 있는',268,'2025-07-14 10:22:52.159'),
(5988,'cause','~을 야기하다, ~의 원인이 되다, 원인',268,'2025-07-14 10:22:52.159'),
(5989,'commentary','해설, 설명',268,'2025-07-14 10:22:52.159'),
(5990,'notification','통지',268,'2025-07-14 10:22:52.159'),
(5991,'apologize','사과하다',268,'2025-07-14 10:22:52.159'),
(5992,'interact','소통하다, 교류하다, 상호 작용을 하다',268,'2025-07-14 10:22:52.159'),
(5993,'certain','확신하는, 확실한, 특정한',268,'2025-07-14 10:22:52.159'),
(5994,'commitment','헌신, 전념',268,'2025-07-14 10:22:52.159'),
(5995,'applaud','~에게 박수를 보내다, 칭찬하다',268,'2025-07-14 10:22:52.159'),
(5996,'biography','약력, 전기',268,'2025-07-14 10:22:52.159'),
(5997,'critical','비판적인, 중요한, 위기의',268,'2025-07-14 10:22:52.159'),
(5998,'depend on','~에 달려 있다, ~에게 의존하다',268,'2025-07-14 10:22:52.159'),
(5999,'combine','결합시키다',268,'2025-07-14 10:22:52.159'),
(6000,'priority','우선권, 우선 사항',268,'2025-07-14 10:22:52.159'),
(6001,'observe','관찰하다, 주시하다, (규칙 등을) 준수하다, 지키다',268,'2025-07-14 10:22:52.159'),
(6002,'defective','결함이 있는',268,'2025-07-14 10:22:52.159'),
(6003,'reflect','반영하다, 나타내다',268,'2025-07-14 10:22:52.159'),
(6004,'attitude','태도, 마음가짐',268,'2025-07-14 10:22:52.159'),
(6005,'disappoint','실망시키다',268,'2025-07-14 10:22:52.159'),
(6006,'inquire','문의하다, 질문하다',268,'2025-07-14 10:22:52.159'),
(6007,'insert','삽입하다',268,'2025-07-14 10:22:52.159'),
(6008,'disclose','공개하다, 드러내다',268,'2025-07-14 10:22:52.159'),
(6009,'guarantee','보장하다, 보장',268,'2025-07-14 10:22:52.159'),
(6010,'politely','공손하게, 예의바르게',268,'2025-07-14 10:22:52.159'),
(6011,'seriously','진지하게',268,'2025-07-14 10:22:52.159'),
(6012,'a couple of','두 개의, 몇 개의',268,'2025-07-14 10:22:52.159'),
(6013,'international','국제적인',269,'2025-07-14 10:22:52.167'),
(6014,'attraction','관광 명소',269,'2025-07-14 10:22:52.167'),
(6015,'itinerary','여행 일정',269,'2025-07-14 10:22:52.167'),
(6016,'exotic','이국적인, 매혹적인',269,'2025-07-14 10:22:52.167'),
(6017,'diverse','다양한',269,'2025-07-14 10:22:52.167'),
(6018,'superb','최고의, 뛰어난',269,'2025-07-14 10:22:52.167'),
(6019,'baggage','수화물',269,'2025-07-14 10:22:52.167'),
(6020,'destination','목적지',269,'2025-07-14 10:22:52.167'),
(6021,'missing','분실된, 없어진',269,'2025-07-14 10:22:52.167'),
(6022,'locate','(~의 위치를) 찾아내다, ~을 위치시키다',269,'2025-07-14 10:22:52.167'),
(6023,'approximately','대략',269,'2025-07-14 10:22:52.167'),
(6024,'duty','관세, 세금, 직무, 의무',269,'2025-07-14 10:22:52.167'),
(6025,'process','과정, 처리하다',269,'2025-07-14 10:22:52.167'),
(6026,'board','탑승하다, 이사회',269,'2025-07-14 10:22:52.167'),
(6027,'comfortable','편안한',269,'2025-07-14 10:22:52.167'),
(6028,'declare','(세관에서) 신고하다',269,'2025-07-14 10:22:52.167'),
(6029,'specify','명시하다',269,'2025-07-14 10:22:52.167'),
(6030,'depart','출발하다',269,'2025-07-14 10:22:52.167'),
(6031,'emergency','비상시, 비상사태',269,'2025-07-14 10:22:52.167'),
(6032,'passenger','승객',269,'2025-07-14 10:22:52.167'),
(6033,'outgoing','(장소를)출발하는, 떠나는, (지위를) 떠나는',269,'2025-07-14 10:22:52.167'),
(6034,'tightly','단단히, 꽉',269,'2025-07-14 10:22:52.167'),
(6035,'tour','(공장·시설 등의) 견학, 짧은 여행',269,'2025-07-14 10:22:52.167'),
(6036,'carrier','항공사, 수송기, 수송 회사',269,'2025-07-14 10:22:52.167'),
(6037,'customarily','관례상, 습관적으로',269,'2025-07-14 10:22:52.167'),
(6038,'confuse','혼란시키다',269,'2025-07-14 10:22:52.167'),
(6039,'arrive','도착하다',269,'2025-07-14 10:22:52.167'),
(6040,'brochure','(홍보용) 소책자, 브로셔',269,'2025-07-14 10:22:52.167'),
(6041,'involve','수반하다, 포함하다, 참여시키다',269,'2025-07-14 10:22:52.167'),
(6042,'ship','(배나 다른 운송 수단으로)운송하다,수송하다 선박, 배',269,'2025-07-14 10:22:52.167'),
(6043,'suitcase','여행 가방',269,'2025-07-14 10:22:52.167'),
(6044,'unavailable','이용할 수 없는, 구할 수 없는',269,'2025-07-14 10:22:52.167'),
(6045,'fill out/in','(서류에) 기입하다, 적어 넣다',269,'2025-07-14 10:22:52.167'),
(6046,'customs','세관',269,'2025-07-14 10:22:52.167'),
(6047,'away','떨어져서',269,'2025-07-14 10:22:52.167'),
(6048,'dramatic','멋진, 극적인, 급격한',269,'2025-07-14 10:22:52.167'),
(6049,'hospitality','환대, 친절',269,'2025-07-14 10:22:52.167'),
(6050,'indulge','빠지다, 탐닉하다',269,'2025-07-14 10:22:52.167'),
(6051,'proximity','가까움, 근접함',269,'2025-07-14 10:22:52.167'),
(6052,'seating','(집합적)좌석 설비, 좌석 배열',269,'2025-07-14 10:22:52.167'),
(6053,'unlimited','무제한의',269,'2025-07-14 10:22:52.167'),
(6054,'proposal','제안,계획',270,'2025-07-14 10:22:52.181'),
(6055,'alliance','동맹, 제휴',270,'2025-07-14 10:22:52.181'),
(6056,'stipulation','계약 조건',270,'2025-07-14 10:22:52.181'),
(6057,'term','조건, 임기, 기한',270,'2025-07-14 10:22:52.181'),
(6058,'compromise','타협,화해',270,'2025-07-14 10:22:52.181'),
(6059,'negotiation','협상,교섭',270,'2025-07-14 10:22:52.181'),
(6060,'agreement','계약,협정,합의',270,'2025-07-14 10:22:52.181'),
(6061,'deadlock','교착 상태',270,'2025-07-14 10:22:52.181'),
(6062,'review','검토하다,재조사하다',270,'2025-07-14 10:22:52.181'),
(6063,'contract','계약(서),계약하다,수축하다',270,'2025-07-14 10:22:52.181'),
(6064,'signature','서명',270,'2025-07-14 10:22:52.181'),
(6065,'originally','원래,처음에는',270,'2025-07-14 10:22:52.181'),
(6066,'direction','방향,지시,감독',270,'2025-07-14 10:22:52.181'),
(6067,'initially','처음에,초기에',270,'2025-07-14 10:22:52.181'),
(6068,'expire','(계약 등이)만료되다',270,'2025-07-14 10:22:52.181'),
(6069,'collaborate','협력하다,공동으로 일하다',270,'2025-07-14 10:22:52.181'),
(6070,'dedicate','전념하다,헌신하다,바치다',270,'2025-07-14 10:22:52.181'),
(6071,'revised','수정된,변경한',270,'2025-07-14 10:22:52.181'),
(6072,'imperative','반드시 해야 하는,필수적인',270,'2025-07-14 10:22:52.181'),
(6073,'cooperatively','협력하여,협조적으로',270,'2025-07-14 10:22:52.181'),
(6074,'commission','수수료,커미션,위원회,(일 등을)의뢰하다, 주문하다',270,'2025-07-14 10:22:52.181'),
(6075,'omit','빠트리다,생략하다',270,'2025-07-14 10:22:52.181'),
(6076,'conflict','대립,충돌,갈등',270,'2025-07-14 10:22:52.181'),
(6077,'renew','(계약 등을)갱신하다',270,'2025-07-14 10:22:52.181'),
(6078,'proficient','능숙한,능한',270,'2025-07-14 10:22:52.181'),
(6079,'confidentiality','기밀,비밀',270,'2025-07-14 10:22:52.181'),
(6080,'dispute','분쟁,논쟁',270,'2025-07-14 10:22:52.181'),
(6081,'objection','반대,이의',270,'2025-07-14 10:22:52.181'),
(6082,'define','규정하다,정의하다',270,'2025-07-14 10:22:52.181'),
(6083,'impression','인상',270,'2025-07-14 10:22:52.181'),
(6084,'security','보안,안전,보호',270,'2025-07-14 10:22:52.181'),
(6085,'option','선택권',270,'2025-07-14 10:22:52.181'),
(6086,'proceed','(일을)진행하다,진척되다',270,'2025-07-14 10:22:52.181'),
(6087,'modify','수정하다,일부 변경하다',270,'2025-07-14 10:22:52.181'),
(6088,'narrow','(범위 등을)좁히다',270,'2025-07-14 10:22:52.181'),
(6089,'bid','입찰',270,'2025-07-14 10:22:52.181'),
(6090,'settle','해결하다,처리하다',270,'2025-07-14 10:22:52.181'),
(6091,'terminate','끝내다,종결시키다',270,'2025-07-14 10:22:52.181'),
(6092,'challenging','도전적인,힘든',270,'2025-07-14 10:22:52.181'),
(6093,'foundation','토대,기초',270,'2025-07-14 10:22:52.181'),
(6094,'pending','미결인,미정인,임박한',270,'2025-07-14 10:22:52.181'),
(6095,'completely','전적으로, 완전히',271,'2025-07-14 10:22:52.189'),
(6096,'refuse','거절하다',271,'2025-07-14 10:22:52.189'),
(6097,'temporarily','일시적으로',271,'2025-07-14 10:22:52.189'),
(6098,'dealer','판매업자, 상인',271,'2025-07-14 10:22:52.189'),
(6099,'bulk','대량의',271,'2025-07-14 10:22:52.189'),
(6100,'inventory','재고품, 재고 목록',271,'2025-07-14 10:22:52.189'),
(6101,'short','부족한',271,'2025-07-14 10:22:52.189'),
(6102,'cost','비용, (비용)이 들다',271,'2025-07-14 10:22:52.189'),
(6103,'selection','선택된 것, 정선품',271,'2025-07-14 10:22:52.189'),
(6104,'commercial','상업의, 상업적인, 광고',271,'2025-07-14 10:22:52.189'),
(6105,'order','주문하다, 주문, 주문품',271,'2025-07-14 10:22:52.189'),
(6106,'provide','공급하다, 제공하다',271,'2025-07-14 10:22:52.189'),
(6107,'contact','~와 연락하다,  (상업적 목적으로)교섭하고 있는 사람',271,'2025-07-14 10:22:52.189'),
(6108,'invoice','송장',271,'2025-07-14 10:22:52.189'),
(6109,'move','옮기다, 움직이다, 조치, 수단, 이동, 이사',271,'2025-07-14 10:22:52.189'),
(6110,'supply','공급하다, 공급, 비품, 소모품',271,'2025-07-14 10:22:52.189'),
(6111,'discount','할인',271,'2025-07-14 10:22:52.189'),
(6112,'distribute','배포하다, 배급하다',271,'2025-07-14 10:22:52.189'),
(6113,'acquisition','인수, 구입한 것',271,'2025-07-14 10:22:52.189'),
(6114,'assure','~에게 보장하다, ~을 안심시키다, 장담하다',271,'2025-07-14 10:22:52.189'),
(6115,'subject','~의 영향을 받기 쉬운, (동의 등을)조건으로 하는 ~에게 (~을) 받게하다',271,'2025-07-14 10:22:52.189'),
(6116,'seek','구하다, 찾다',271,'2025-07-14 10:22:52.189'),
(6117,'satisfactory','만족스러운',271,'2025-07-14 10:22:52.189'),
(6118,'confirmation','확인, 확증',271,'2025-07-14 10:22:52.189'),
(6119,'unable','~할 수 없는',271,'2025-07-14 10:22:52.189'),
(6120,'payment','지불(금액), 납입(금액)',271,'2025-07-14 10:22:52.189'),
(6121,'measure','대책, 조치, 수단, 측정하다',271,'2025-07-14 10:22:52.189'),
(6122,'bargain','특가품, 흥정',271,'2025-07-14 10:22:52.189'),
(6123,'stock','재고, 주식',271,'2025-07-14 10:22:52.189'),
(6124,'affordability','감당할 수 있는 내용',271,'2025-07-14 10:22:52.189'),
(6125,'clientele','(집합적)고객들, (변호사·건축가 등의)모든 의뢰인',271,'2025-07-14 10:22:52.189'),
(6126,'acclaim','호평, 찬사',271,'2025-07-14 10:22:52.189'),
(6127,'represent','~을 대표하다',271,'2025-07-14 10:22:52.189'),
(6128,'rating','등급, 평가',271,'2025-07-14 10:22:52.189'),
(6129,'encompass','포함하다, 둘러싸다',271,'2025-07-14 10:22:52.189'),
(6130,'finalize','마무리 짓다, 완결하다',271,'2025-07-14 10:22:52.189'),
(6131,'market','시장',271,'2025-07-14 10:22:52.189'),
(6132,'retail','소매',271,'2025-07-14 10:22:52.189'),
(6133,'commodity','상품, 산물',271,'2025-07-14 10:22:52.189'),
(6134,'quote','견적(액), 견적을 내다',271,'2025-07-14 10:22:52.189'),
(6135,'consignment','위탁 판매',271,'2025-07-14 10:22:52.189'),
(6136,'fragile','깨지기 쉬운',272,'2025-07-14 10:22:52.198'),
(6137,'perishable','부패하기 쉬운',272,'2025-07-14 10:22:52.198'),
(6138,'deliver','배달하다, (연설을)하다',272,'2025-07-14 10:22:52.198'),
(6139,'ensure','확실하게 하다, 보장하다',272,'2025-07-14 10:22:52.198'),
(6140,'courier','급송 택배',272,'2025-07-14 10:22:52.198'),
(6141,'carton','(큰) 판지 상자',272,'2025-07-14 10:22:52.198'),
(6142,'address','주소, (어려운 문제 등을) 처리하다, 다루다',272,'2025-07-14 10:22:52.198'),
(6143,'shipment','선적, (화물의) 발송, 수송품, 적하물',272,'2025-07-14 10:22:52.198'),
(6144,'particularly','특히',272,'2025-07-14 10:22:52.198'),
(6145,'adequately','적절히',272,'2025-07-14 10:22:52.198'),
(6146,'article','물품, 물건, 기사, 논설',272,'2025-07-14 10:22:52.198'),
(6147,'efficient','(기계·방법 등이) 효과적인, 능률적인',272,'2025-07-14 10:22:52.198'),
(6148,'agency','대행 회사, 대리점',272,'2025-07-14 10:22:52.198'),
(6149,'enclose','~을 동봉하다,~을 둘러싸다, 에워싸다',272,'2025-07-14 10:22:52.198'),
(6150,'careful','조심스러운, 주의 깊은',272,'2025-07-14 10:22:52.198'),
(6151,'pick up','~을 찾다, (사람·물건 등을) 도중에서 태우다',272,'2025-07-14 10:22:52.198'),
(6152,'carry','지니다, (물품을) 팔다, 가게에 놓다',272,'2025-07-14 10:22:52.198'),
(6153,'attach','붙이다, 접착하다, 첨부하다',272,'2025-07-14 10:22:52.198'),
(6154,'formerly','이전에',272,'2025-07-14 10:22:52.198'),
(6155,'package','소포, 꾸러미',272,'2025-07-14 10:22:52.198'),
(6156,'react','반응하다, 대응하다',272,'2025-07-14 10:22:52.198'),
(6157,'content','내용물',272,'2025-07-14 10:22:52.198'),
(6158,'convenience','편의, 편리',272,'2025-07-14 10:22:52.198'),
(6159,'acknowledge','인정하다, (편지 등의) 수령을 알리다',272,'2025-07-14 10:22:52.198'),
(6160,'caution','주의, 조심',272,'2025-07-14 10:22:52.198'),
(6161,'correspondence','편지, 통신문',272,'2025-07-14 10:22:52.198'),
(6162,'separate','분리하다, 분류하다, 분리된, 따로 떨어진, 독립된',272,'2025-07-14 10:22:52.198'),
(6163,'remarkable','현저한, 두드러진',272,'2025-07-14 10:22:52.198'),
(6164,'handle','취급하다, 다루다',272,'2025-07-14 10:22:52.198'),
(6165,'warehouse','창고, 저장소',272,'2025-07-14 10:22:52.198'),
(6166,'impose','(세금 등을) 부과하다',272,'2025-07-14 10:22:52.198'),
(6167,'storage','보관소, 저장소',272,'2025-07-14 10:22:52.198'),
(6168,'detach','분리하다, 떼다',272,'2025-07-14 10:22:52.198'),
(6169,'envelope','봉투',272,'2025-07-14 10:22:52.198'),
(6170,'exclusion','제외, 배제',272,'2025-07-14 10:22:52.198'),
(6171,'recipient','수신자',272,'2025-07-14 10:22:52.198'),
(6172,'affix','(우표 등을) 붙이다',272,'2025-07-14 10:22:52.198'),
(6173,'incorrect','부정확한',272,'2025-07-14 10:22:52.198'),
(6174,'oblige','어쩔 수 없이 ~하게 하다, ~에게 강요하다',272,'2025-07-14 10:22:52.198'),
(6175,'step','단계, 조치, 수단',272,'2025-07-14 10:22:52.198'),
(6176,'distinctive','독특한',272,'2025-07-14 10:22:52.198'),
(6177,'check in','체크인하다, 숙박 수속을 하다',273,'2025-07-14 10:22:52.207'),
(6178,'compensate','보상하다',273,'2025-07-14 10:22:52.207'),
(6179,'complimentary','무료의, 우대의',273,'2025-07-14 10:22:52.207'),
(6180,'chef','주방장',273,'2025-07-14 10:22:52.207'),
(6181,'container','용기, 그릇',273,'2025-07-14 10:22:52.207'),
(6182,'elegant','우아한, 고상한',273,'2025-07-14 10:22:52.207'),
(6183,'flavor','맛, 풍미',273,'2025-07-14 10:22:52.207'),
(6184,'accommodate','(건물 등이)~을 수용하다, 숙박시키다, (조건·요구 등을) 만족시키다',273,'2025-07-14 10:22:52.207'),
(6185,'available','(사물이) 이용 가능한, (사람이) 시간이 있는',273,'2025-07-14 10:22:52.207'),
(6186,'reception','환영회, (호텔·회사·병원 등의) 접수처',273,'2025-07-14 10:22:52.207'),
(6187,'in advance','미리, 사전에',273,'2025-07-14 10:22:52.207'),
(6188,'refreshments','다과, 가벼운 음식물',273,'2025-07-14 10:22:52.207'),
(6189,'make','~을 하다, ~을 만들다',273,'2025-07-14 10:22:52.207'),
(6190,'cater','(연회 등의)음식물을 공급하다',273,'2025-07-14 10:22:52.207'),
(6191,'reservation','예약, 지정, 보호구역',273,'2025-07-14 10:22:52.207'),
(6192,'beverage','음료',273,'2025-07-14 10:22:52.207'),
(6193,'confirm','확인하다',273,'2025-07-14 10:22:52.207'),
(6194,'cancel','취소하다',273,'2025-07-14 10:22:52.207'),
(6195,'rate','요금',273,'2025-07-14 10:22:52.207'),
(6196,'conveniently','편리하게',273,'2025-07-14 10:22:52.207'),
(6197,'decorate','장식하다',273,'2025-07-14 10:22:52.207'),
(6198,'information','정보, 자료',273,'2025-07-14 10:22:52.207'),
(6199,'retain','유지하다, 보유하다',273,'2025-07-14 10:22:52.207'),
(6200,'atmosphere','분위기, 환경',273,'2025-07-14 10:22:52.207'),
(6201,'cuisine','(독특한)요리',273,'2025-07-14 10:22:52.207'),
(6202,'sequence','순서, 차례',273,'2025-07-14 10:22:52.207'),
(6203,'extensive','광범위한, 넓은',273,'2025-07-14 10:22:52.207'),
(6204,'prior','전의, 먼저의',273,'2025-07-14 10:22:52.207'),
(6205,'book','예약하다',273,'2025-07-14 10:22:52.207'),
(6206,'amenity','편의 시설',273,'2025-07-14 10:22:52.207'),
(6207,'belongings','소지품, 소유물',273,'2025-07-14 10:22:52.207'),
(6208,'entirely','완전히',273,'2025-07-14 10:22:52.207'),
(6209,'ease','완화시키다, 쉬움, 용이함',273,'2025-07-14 10:22:52.207'),
(6210,'ingredient','재료, 성분',273,'2025-07-14 10:22:52.207'),
(6211,'sip','음미하며, 마시다, 홀짝거리다',273,'2025-07-14 10:22:52.207'),
(6212,'stir','휘젓다, 뒤섞다',273,'2025-07-14 10:22:52.207'),
(6213,'choice','선택물, 선택 사항, 선택',273,'2025-07-14 10:22:52.207'),
(6214,'complication','복잡한 문제',273,'2025-07-14 10:22:52.207'),
(6215,'freshness','신선함',273,'2025-07-14 10:22:52.207'),
(6216,'occupancy','(호텔 등의) 이용률',273,'2025-07-14 10:22:52.207'),
(6217,'spot','발견하다, 찾다, 알아채다, (특정한)장소',273,'2025-07-14 10:22:52.207'),
(6218,'decline','감소,하락,(초대·신청을)거절하다,감소하다,줄다',274,'2025-07-14 10:22:52.218'),
(6219,'markedly','현저하게, 눈에 띄게',274,'2025-07-14 10:22:52.218'),
(6220,'increase','인상, 증가, 증가하다',274,'2025-07-14 10:22:52.218'),
(6221,'revenue','수입',274,'2025-07-14 10:22:52.218'),
(6222,'projection','예상(치)',274,'2025-07-14 10:22:52.218'),
(6223,'substantial','상당한',274,'2025-07-14 10:22:52.218'),
(6224,'anticipate','예상하다, 기대하다',274,'2025-07-14 10:22:52.218'),
(6225,'significantly','상당히, 두드러지게',274,'2025-07-14 10:22:52.218'),
(6226,'estimate','추정하다, 추산하다, 추정(치), 추산',274,'2025-07-14 10:22:52.218'),
(6227,'shift','옮기다, 이동하다, 변화, 교대 근무',274,'2025-07-14 10:22:52.218'),
(6228,'fee','요금, 수수료',274,'2025-07-14 10:22:52.218'),
(6229,'production','생산량, 생산',274,'2025-07-14 10:22:52.218'),
(6230,'sale','매출액, 매상고, (할인) 판매',274,'2025-07-14 10:22:52.218'),
(6231,'impressive','굉장한, 인상적인',274,'2025-07-14 10:22:52.218'),
(6232,'representative','직원, 외판원, 대표자',274,'2025-07-14 10:22:52.218'),
(6233,'recent','최근의',274,'2025-07-14 10:22:52.218'),
(6234,'exceed','~을 초과하다',274,'2025-07-14 10:22:52.218'),
(6235,'improvement','향상',274,'2025-07-14 10:22:52.218'),
(6236,'employer','고용주',274,'2025-07-14 10:22:52.218'),
(6237,'regular','정기적인, 단골의',274,'2025-07-14 10:22:52.218'),
(6238,'summarize','요약하다',274,'2025-07-14 10:22:52.218'),
(6239,'typically','보통, 일반적으로',274,'2025-07-14 10:22:52.218'),
(6240,'whole','전체의, 온전한',274,'2025-07-14 10:22:52.218'),
(6241,'growth','성장, 발전',274,'2025-07-14 10:22:52.218'),
(6242,'figure','총액, 합계 수',274,'2025-07-14 10:22:52.218'),
(6243,'steady','꾸준한, 안정된',274,'2025-07-14 10:22:52.218'),
(6244,'frequent','빈번한, 잦은',274,'2025-07-14 10:22:52.218'),
(6245,'achieve','달성하다, 성취하다',274,'2025-07-14 10:22:52.218'),
(6246,'assumption','추정, 산정',274,'2025-07-14 10:22:52.218'),
(6247,'share','공유하다, 함께 쓰다,  (생각·경험·감정을 남과) 함께 나누다, 몫, 지분',274,'2025-07-14 10:22:52.218'),
(6248,'encouraging','고무적인, 힘을 북돋아 주는',274,'2025-07-14 10:22:52.218'),
(6249,'incur','(손실을)입다, (빚을)지다',274,'2025-07-14 10:22:52.218'),
(6250,'slightly','약간',274,'2025-07-14 10:22:52.218'),
(6251,'profit','수익, 이익',274,'2025-07-14 10:22:52.218'),
(6252,'reliant','의존하는, 의지하는',274,'2025-07-14 10:22:52.218'),
(6253,'illustrate','분명히 보여 주다, 설명하다',274,'2025-07-14 10:22:52.218'),
(6254,'inaccurate','부정확한',274,'2025-07-14 10:22:52.218'),
(6255,'percentage','비율, 백분율',274,'2025-07-14 10:22:52.218'),
(6256,'reduce','줄이다, 감소시키다',274,'2025-07-14 10:22:52.218'),
(6257,'tend','~하는 경향이 있다, ~하기 쉽다',274,'2025-07-14 10:22:52.218'),
(6258,'beyond','~을 넘어서, ~이상으로',274,'2025-07-14 10:22:52.218'),
(6259,'audit','회계 감사, 심사',275,'2025-07-14 10:22:52.232'),
(6260,'accounting','회계',275,'2025-07-14 10:22:52.232'),
(6261,'budget','예산',275,'2025-07-14 10:22:52.232'),
(6262,'financial','재정의, 금전상의',275,'2025-07-14 10:22:52.232'),
(6263,'curtail','~을 줄이다, 삭감하다',275,'2025-07-14 10:22:52.232'),
(6264,'deficit','적자, 부족액',275,'2025-07-14 10:22:52.232'),
(6265,'recently','최근에',275,'2025-07-14 10:22:52.232'),
(6266,'substantially','크게, 상당히',275,'2025-07-14 10:22:52.232'),
(6267,'committee','위원회',275,'2025-07-14 10:22:52.232'),
(6268,'frequently','자주, 흔히',275,'2025-07-14 10:22:52.232'),
(6269,'capability','능력, 역량',275,'2025-07-14 10:22:52.232'),
(6270,'proceeds','수익금',275,'2025-07-14 10:22:52.232'),
(6271,'reimburse','변제하다, 상환하다',275,'2025-07-14 10:22:52.232'),
(6272,'considerably','상당히, 많이',275,'2025-07-14 10:22:52.232'),
(6273,'adequate','충분한, 적절한',275,'2025-07-14 10:22:52.232'),
(6274,'total','총계의, 전부의',275,'2025-07-14 10:22:52.232'),
(6275,'allocate','할당하다, 배분하다',275,'2025-07-14 10:22:52.232'),
(6276,'inspector','조사관, 감독관',275,'2025-07-14 10:22:52.232'),
(6277,'preferred','선호되는, 우선의',275,'2025-07-14 10:22:52.232'),
(6278,'quarter','사분기, 4분의1',275,'2025-07-14 10:22:52.232'),
(6279,'interrupt','중단시키다, 방해하다',275,'2025-07-14 10:22:52.232'),
(6280,'browse','훑어보다, 둘러보다',275,'2025-07-14 10:22:52.232'),
(6281,'prompt','즉각적인, 신속한, 촉발하다, 유도하다',275,'2025-07-14 10:22:52.232'),
(6282,'deduct','공제하다, 빼다',275,'2025-07-14 10:22:52.232'),
(6283,'measurement','측정, 측량, 치수',275,'2025-07-14 10:22:52.232'),
(6284,'shorten','단축하다, 짧게 하다',275,'2025-07-14 10:22:52.232'),
(6285,'amend','수정하다',275,'2025-07-14 10:22:52.232'),
(6286,'calculate','계산하다, 산출하다',275,'2025-07-14 10:22:52.232'),
(6287,'exempt','면제된, ~이 없는',275,'2025-07-14 10:22:52.232'),
(6288,'deficient','부족한, 불충분한',275,'2025-07-14 10:22:52.232'),
(6289,'compare','비교하다',275,'2025-07-14 10:22:52.232'),
(6290,'fortunate','운 좋은',275,'2025-07-14 10:22:52.232'),
(6291,'expenditure','지출, 비용',275,'2025-07-14 10:22:52.232'),
(6292,'accurately','정확하게',275,'2025-07-14 10:22:52.232'),
(6293,'worth','~의 가치가 있는, (얼마) 어치, 가치',275,'2025-07-14 10:22:52.232'),
(6294,'excess','초과, 초과량',275,'2025-07-14 10:22:52.232'),
(6295,'fiscal','회계의, 재정상의',275,'2025-07-14 10:22:52.232'),
(6296,'incidental','부수적인',275,'2025-07-14 10:22:52.232'),
(6297,'inflation','물가 상승, 인플레이션, 통화 팽창',275,'2025-07-14 10:22:52.232'),
(6298,'liable','책임져야 할, ~하기 쉬운',275,'2025-07-14 10:22:52.232'),
(6299,'spend','~을 쓰다, 소비하다',275,'2025-07-14 10:22:52.232'),
(6300,'announce','발표하다',276,'2025-07-14 10:22:52.241'),
(6301,'interested','관련 있는, 관심이 있는',276,'2025-07-14 10:22:52.241'),
(6302,'active','적극적인, 활발한',276,'2025-07-14 10:22:52.241'),
(6303,'accept','수락하다, 승낙하다',276,'2025-07-14 10:22:52.241'),
(6304,'foresee','예견하다, 예감하다',276,'2025-07-14 10:22:52.241'),
(6305,'expansion','확장, 팽창',276,'2025-07-14 10:22:52.241'),
(6306,'relocate','(공장 등을) 이전하다',276,'2025-07-14 10:22:52.241'),
(6307,'competitor','경쟁업체, 경쟁자',276,'2025-07-14 10:22:52.241'),
(6308,'asset','자산',276,'2025-07-14 10:22:52.241'),
(6309,'contribute','기여하다, 공헌하다',276,'2025-07-14 10:22:52.241'),
(6310,'dedicated','(목표 등에) 전념하는, 헌신적인',276,'2025-07-14 10:22:52.241'),
(6311,'misplace','잃어버리다, 위치를 잘못 잡다',276,'2025-07-14 10:22:52.241'),
(6312,'considerable','(정도나 양이) 상당한',276,'2025-07-14 10:22:52.241'),
(6313,'last','지속되다',276,'2025-07-14 10:22:52.241'),
(6314,'emerge','부상하다, 나타나다',276,'2025-07-14 10:22:52.241'),
(6315,'grow','성장하다, 성장시키다, 증가시키다',276,'2025-07-14 10:22:52.241'),
(6316,'select','선발하다, 선택하다',276,'2025-07-14 10:22:52.241'),
(6317,'merge','합병하다, 병합하다',276,'2025-07-14 10:22:52.241'),
(6318,'imply','암시하다, 넌지시, 나타내다, 의미하다',276,'2025-07-14 10:22:52.241'),
(6319,'vital','필수적인',276,'2025-07-14 10:22:52.241'),
(6320,'persist','(집요하게) 계속하다, 계속되다, 지속되다',276,'2025-07-14 10:22:52.241'),
(6321,'independent','독립적인, 독자적인',276,'2025-07-14 10:22:52.241'),
(6322,'force','세력',276,'2025-07-14 10:22:52.241'),
(6323,'establish','설립하다',276,'2025-07-14 10:22:52.241'),
(6324,'initiate','(사업 등을) 착수하다, 시작하다',276,'2025-07-14 10:22:52.241'),
(6325,'enhance','(질 등을) 향상시키다, 높이다, 강화하다',276,'2025-07-14 10:22:52.241'),
(6326,'renowned','저명한, 유명한, 명성이 있는',276,'2025-07-14 10:22:52.241'),
(6327,'informed','정보에 근거한',276,'2025-07-14 10:22:52.241'),
(6328,'minutes','회의록',276,'2025-07-14 10:22:52.241'),
(6329,'waive','(규칙 등을) 적용하지 않다,  (권리·청구 등을) 포기하다',276,'2025-07-14 10:22:52.241'),
(6330,'reach','(치수·양 등이) ~에 달하다, ~에 도착하다',276,'2025-07-14 10:22:52.241'),
(6331,'authority','권한, 당국',276,'2025-07-14 10:22:52.241'),
(6332,'acquire','매입하다, 취득하다',276,'2025-07-14 10:22:52.241'),
(6333,'surpass','~을 능가하다, 넘어서다',276,'2025-07-14 10:22:52.241'),
(6334,'run','~을 운영하다, 경영하다, (공연, 영화 등이) 상영되다, 계속되다',276,'2025-07-14 10:22:52.241'),
(6335,'improbable','사실이라고 생각할 수 없는, 일어날 것 같지 않은',276,'2025-07-14 10:22:52.241'),
(6336,'edge','우위, 유리함, 가장자리, 끝',276,'2025-07-14 10:22:52.241'),
(6337,'simultaneously','동시에',276,'2025-07-14 10:22:52.241'),
(6338,'reveal','밝히다, 누설하다',276,'2025-07-14 10:22:52.241'),
(6339,'productivity','생산성',276,'2025-07-14 10:22:52.241'),
(6340,'uncertain','확신이 없는, 불확실한',276,'2025-07-14 10:22:52.241'),
(6341,'agenda','의제, 의사일정',277,'2025-07-14 10:22:52.251'),
(6342,'convene','(회원 등이) 모이다, (회의가) 개최되다',277,'2025-07-14 10:22:52.251'),
(6343,'refute','부인하다, 반박하다',277,'2025-07-14 10:22:52.251'),
(6344,'coordination','조정',277,'2025-07-14 10:22:52.251'),
(6345,'unanimous','만장일치의, 동의하는',277,'2025-07-14 10:22:52.251'),
(6346,'convince','납득시키다, 확신시키다',277,'2025-07-14 10:22:52.251'),
(6347,'consensus','여론, 일치된 의견',277,'2025-07-14 10:22:52.251'),
(6348,'defer','연기하다, 미루다',277,'2025-07-14 10:22:52.251'),
(6349,'usually','보통, 일반적으로',277,'2025-07-14 10:22:52.251'),
(6350,'reschedule','일정을 바꾸다',277,'2025-07-14 10:22:52.251'),
(6351,'meeting','회의',277,'2025-07-14 10:22:52.251'),
(6352,'determine','알아내다, 결정하다, 확정하다',277,'2025-07-14 10:22:52.251'),
(6353,'report','보고하다, 출두하다, 보고서, 보도, 기록 (직장·회의 등에 도착을) 알리다',277,'2025-07-14 10:22:52.251'),
(6354,'comment','논평하다, 언급하다',277,'2025-07-14 10:22:52.251'),
(6355,'phase','단계',277,'2025-07-14 10:22:52.251'),
(6356,'approve','승인하다, 찬성하다',277,'2025-07-14 10:22:52.251'),
(6357,'enclosed','동봉된',277,'2025-07-14 10:22:52.251'),
(6358,'easy','쉬운, 용이한',277,'2025-07-14 10:22:52.251'),
(6359,'record','기록, 경력, 이력, 기록하다',277,'2025-07-14 10:22:52.251'),
(6360,'suggestion','제안',277,'2025-07-14 10:22:52.251'),
(6361,'attention','주의, 경청',277,'2025-07-14 10:22:52.251'),
(6362,'object','반대하다',277,'2025-07-14 10:22:52.251'),
(6363,'coincidentally','우연히, 일치하게, 동시 발생적으로',277,'2025-07-14 10:22:52.251'),
(6364,'crowded','붐비는, 복잡한',277,'2025-07-14 10:22:52.251'),
(6365,'undergo','겪다, 거치다, 경험하다',277,'2025-07-14 10:22:52.251'),
(6366,'outcome','결과',277,'2025-07-14 10:22:52.251'),
(6367,'narrowly','주의 깊게, 좁게, 가까스로, 간신히, 겨우',277,'2025-07-14 10:22:52.251'),
(6368,'differ','의견을 달리하다, 다르다',277,'2025-07-14 10:22:52.251'),
(6369,'discuss','논의하다, 토론하다',277,'2025-07-14 10:22:52.251'),
(6370,'give','(연설·수업 등을) 하다',277,'2025-07-14 10:22:52.251'),
(6371,'brief','~에게 간단히 설명하다, 브리핑 하다',277,'2025-07-14 10:22:52.251'),
(6372,'distract','(주의를) 산만하게 하다, 빗기게 하다',277,'2025-07-14 10:22:52.251'),
(6373,'emphasis','강조, 중점',277,'2025-07-14 10:22:52.251'),
(6374,'press','언론(계), 보도기관, 누르다',277,'2025-07-14 10:22:52.251'),
(6375,'organize','준비하다, 조직하다, 정리하다',277,'2025-07-14 10:22:52.251'),
(6376,'mention','언급하다',277,'2025-07-14 10:22:52.251'),
(6377,'persuasive','설득력 있는',277,'2025-07-14 10:22:52.251'),
(6378,'understanding','이해심 있는',277,'2025-07-14 10:22:52.251'),
(6379,'adjourn','(회의 등을) 휴회하다',277,'2025-07-14 10:22:52.251'),
(6380,'constructive','건설적인',277,'2025-07-14 10:22:52.251'),
(6381,'preside','(회의의) 사회를 보다, ~의 의장을 맡아보다',277,'2025-07-14 10:22:52.251'),
(6382,'host','(대회 등을) 주최하다',278,'2025-07-14 10:22:52.261'),
(6383,'annual','매년의',278,'2025-07-14 10:22:52.261'),
(6384,'purpose','목적, 의도',278,'2025-07-14 10:22:52.261'),
(6385,'enroll','등록하다',278,'2025-07-14 10:22:52.261'),
(6386,'lecture','강의, 강연',278,'2025-07-14 10:22:52.261'),
(6387,'participant','참가자',278,'2025-07-14 10:22:52.261'),
(6388,'attend','참석하다, 출석하다',278,'2025-07-14 10:22:52.261'),
(6389,'encourage','장려하다, 북돋아주다',278,'2025-07-14 10:22:52.261'),
(6390,'leave','휴가, 떠나다, 남기다',278,'2025-07-14 10:22:52.261'),
(6391,'recommendation','추천 사항, 추천',278,'2025-07-14 10:22:52.261'),
(6392,'conference','회의, 회담',278,'2025-07-14 10:22:52.261'),
(6393,'schedule','~을 예정하다',278,'2025-07-14 10:22:52.261'),
(6394,'include','포함하다',278,'2025-07-14 10:22:52.261'),
(6395,'result','결과, (~의 결과로) 되다',278,'2025-07-14 10:22:52.261'),
(6396,'register','등록하다',278,'2025-07-14 10:22:52.261'),
(6397,'require','요구하다',278,'2025-07-14 10:22:52.261'),
(6398,'grateful','고마워하는, 감사하는',278,'2025-07-14 10:22:52.261'),
(6399,'overtime','초과 근무, 야근',278,'2025-07-14 10:22:52.261'),
(6400,'responsibility','부담, 책임, 의무',278,'2025-07-14 10:22:52.261'),
(6401,'assent','찬성하다, 승인, 동의',278,'2025-07-14 10:22:52.261'),
(6402,'regard','~을 -으로 간주하다, 여기다, 관심, 배려',278,'2025-07-14 10:22:52.261'),
(6403,'tentative','임시적인, 잠정적인',278,'2025-07-14 10:22:52.261'),
(6404,'welcome','반가운, 기꺼이 받아들여지는, 환영하다, 맞이하다',278,'2025-07-14 10:22:52.261'),
(6405,'function','행사, 연회',278,'2025-07-14 10:22:52.261'),
(6406,'commence','시작되다',278,'2025-07-14 10:22:52.261'),
(6407,'objective','목표, 목적',278,'2025-07-14 10:22:52.261'),
(6408,'excited','신이 난, 들뜬',278,'2025-07-14 10:22:52.261'),
(6409,'reimbursement','상환, 변제, 배상',278,'2025-07-14 10:22:52.261'),
(6410,'treatment','대우, 처우',278,'2025-07-14 10:22:52.261'),
(6411,'honor','존경, 명예',278,'2025-07-14 10:22:52.261'),
(6412,'emphasize','강조하다',278,'2025-07-14 10:22:52.261'),
(6413,'entry','(경기 등의) 참가자, 출품물',278,'2025-07-14 10:22:52.261'),
(6414,'bonus','상여금, 보너스',278,'2025-07-14 10:22:52.261'),
(6415,'salary','급여',278,'2025-07-14 10:22:52.261'),
(6416,'earn','(금전 등을)벌다, (평판을) 받다, 얻다',278,'2025-07-14 10:22:52.261'),
(6417,'arise','(문제 등이) 발생하다, 일어나다',278,'2025-07-14 10:22:52.261'),
(6418,'labor','노동, 일하다, 노동하다',278,'2025-07-14 10:22:52.261'),
(6419,'union','노동조합',278,'2025-07-14 10:22:52.261'),
(6420,'existing','기존의, 현행의',278,'2025-07-14 10:22:52.261'),
(6421,'exploit','착취하다, 부당하게 이용하다',278,'2025-07-14 10:22:52.261'),
(6422,'application','지원, 신청',278,'2025-07-14 10:22:52.261'),
(6423,'appoint','임명하다, 지명하다',279,'2025-07-14 10:22:52.272'),
(6424,'appraisal','평가',279,'2025-07-14 10:22:52.272'),
(6425,'promote','승진시키다, 촉진하다',279,'2025-07-14 10:22:52.272'),
(6426,'skilled','숙련된, 노련한',279,'2025-07-14 10:22:52.272'),
(6427,'radically','완전히, 철저히',279,'2025-07-14 10:22:52.272'),
(6428,'exceptional','뛰어난, 예외적인',279,'2025-07-14 10:22:52.272'),
(6429,'appreciation','감사',279,'2025-07-14 10:22:52.272'),
(6430,'evaluate','평가하다',279,'2025-07-14 10:22:52.272'),
(6431,'suggest','제안하다, 추천하다',279,'2025-07-14 10:22:52.272'),
(6432,'preference','선호',279,'2025-07-14 10:22:52.272'),
(6433,'management','경영진, 경영',279,'2025-07-14 10:22:52.272'),
(6434,'predict','예측하다',279,'2025-07-14 10:22:52.272'),
(6435,'transfer','보내다, 전근시키다',279,'2025-07-14 10:22:52.272'),
(6436,'award','상, (상 등을)수여하다',279,'2025-07-14 10:22:52.272'),
(6437,'mandatory','의무적인',279,'2025-07-14 10:22:52.272'),
(6438,'competent','유능한, 능숙한',279,'2025-07-14 10:22:52.272'),
(6439,'performance','실적, 성과, 공연, 연주, 연기',279,'2025-07-14 10:22:52.272'),
(6440,'reward','~에 보답하다, 보상하다, 보상, 포상',279,'2025-07-14 10:22:52.272'),
(6441,'search','찾기, 수색, 조사',279,'2025-07-14 10:22:52.272'),
(6442,'inexperienced','경험 없는, 미숙한',279,'2025-07-14 10:22:52.272'),
(6443,'early','시간상 이른, 조기의',279,'2025-07-14 10:22:52.272'),
(6444,'designate','지명하다, 지정하다',279,'2025-07-14 10:22:52.272'),
(6445,'executive','경영의, 관리의',279,'2025-07-14 10:22:52.272'),
(6446,'dedication','헌신',279,'2025-07-14 10:22:52.272'),
(6447,'unanimously','만장일치로',279,'2025-07-14 10:22:52.272'),
(6448,'progress','진행, 진척, 진전',279,'2025-07-14 10:22:52.272'),
(6449,'congratulate','축하하다',279,'2025-07-14 10:22:52.272'),
(6450,'dismiss','해임하다, 해고하다',279,'2025-07-14 10:22:52.272'),
(6451,'independence','독립성',279,'2025-07-14 10:22:52.272'),
(6452,'participation','참여, 참가, 가입',279,'2025-07-14 10:22:52.272'),
(6453,'praise','칭찬',279,'2025-07-14 10:22:52.272'),
(6454,'accomplishment','성과, 업적',279,'2025-07-14 10:22:52.272'),
(6455,'deliberation','토의, 심의',279,'2025-07-14 10:22:52.272'),
(6456,'leadership','리더십, 지도력',279,'2025-07-14 10:22:52.272'),
(6457,'retire','퇴직하다, 은퇴하다',279,'2025-07-14 10:22:52.272'),
(6458,'nomination','임명, 지명',279,'2025-07-14 10:22:52.272'),
(6459,'reorganize','재편성하다, 재조직하다',279,'2025-07-14 10:22:52.272'),
(6460,'serve','일하다, 근무하다',279,'2025-07-14 10:22:52.272'),
(6461,'encouragement','격려',279,'2025-07-14 10:22:52.272'),
(6462,'resignation','사임, 사직, 사직서',279,'2025-07-14 10:22:52.272'),
(6463,'strictly','엄격히',279,'2025-07-14 10:22:52.272'),
(6464,'congestion','(교통의)체증, 혼잡',280,'2025-07-14 10:22:52.282'),
(6465,'alleviate','완화하다',280,'2025-07-14 10:22:52.282'),
(6466,'divert','우회시키다, 다른 곳으로 돌리다',280,'2025-07-14 10:22:52.282'),
(6467,'detour','우회',280,'2025-07-14 10:22:52.282'),
(6468,'fuel','연료',280,'2025-07-14 10:22:52.282'),
(6469,'malfunction','오작동, 기능 불량',280,'2025-07-14 10:22:52.282'),
(6470,'permit','허락하다, 허가증',280,'2025-07-14 10:22:52.282'),
(6471,'transportation','교통 (수단), 운송 수단',280,'2025-07-14 10:22:52.282'),
(6472,'opportunity','기회',280,'2025-07-14 10:22:52.282'),
(6473,'clearly','명확히',280,'2025-07-14 10:22:52.282'),
(6474,'ongoing','계속 진행 중인',280,'2025-07-14 10:22:52.282'),
(6475,'detailed','상세한',280,'2025-07-14 10:22:52.282'),
(6476,'alternative','대안, 대체, 다른, 대신의',280,'2025-07-14 10:22:52.282'),
(6477,'obtain','획득하다, 얻다',280,'2025-07-14 10:22:52.282'),
(6478,'designated','지정된',280,'2025-07-14 10:22:52.282'),
(6479,'intersection','교차로, 교차 지점',280,'2025-07-14 10:22:52.282'),
(6480,'equip','갖추다, 설비하다',280,'2025-07-14 10:22:52.282'),
(6481,'commute','통근하다',280,'2025-07-14 10:22:52.282'),
(6482,'downtown','시내에서, 도심지로',280,'2025-07-14 10:22:52.282'),
(6483,'automotive','자동차의',280,'2025-07-14 10:22:52.282'),
(6484,'closure','폐쇄',280,'2025-07-14 10:22:52.282'),
(6485,'vehicle','차량, 운송 수단',280,'2025-07-14 10:22:52.282'),
(6486,'platform','승강장',280,'2025-07-14 10:22:52.282'),
(6487,'official','공무원, 관리, 공식적인',280,'2025-07-14 10:22:52.282'),
(6488,'transit','교통, 수송',280,'2025-07-14 10:22:52.282'),
(6489,'fare','교통 요금',280,'2025-07-14 10:22:52.282'),
(6490,'expense','비용, 지출',280,'2025-07-14 10:22:52.282'),
(6491,'trust','신뢰, 신임, 믿다, 신뢰하다',280,'2025-07-14 10:22:52.282'),
(6492,'head','(~의 방향으로) 나아가다, 향하게 하다',280,'2025-07-14 10:22:52.282'),
(6493,'drive','(차 등을) 운전하다, 타고 가다, 조종하다',280,'2025-07-14 10:22:52.282'),
(6494,'fine','벌금',280,'2025-07-14 10:22:52.282'),
(6495,'pass','지나가다, 통과하다',280,'2025-07-14 10:22:52.282'),
(6496,'securely','(매듭 등이) 단단하게, 튼튼하게',280,'2025-07-14 10:22:52.282'),
(6497,'prominently','눈에 잘 띄게, 두드러지게',280,'2025-07-14 10:22:52.282'),
(6498,'reserved','예약된, 예약한, 지정된',280,'2025-07-14 10:22:52.282'),
(6499,'average','평균치, 평균',280,'2025-07-14 10:22:52.282'),
(6500,'collision','충돌',280,'2025-07-14 10:22:52.282'),
(6501,'tow','(차를) 견인하다',280,'2025-07-14 10:22:52.282'),
(6502,'reverse','뒤의, 반대의',280,'2025-07-14 10:22:52.282'),
(6503,'obstruct','(전망 등을) 가리다, 차단하다; (도로 등을) 막다',280,'2025-07-14 10:22:52.282'),
(6504,'bus stop','버스 정류장',280,'2025-07-14 10:22:52.282'),
(6505,'delinquent','(세금 등이) 연체된, 미불의',281,'2025-07-14 10:22:52.296'),
(6506,'overdue','(지불·반납 등의) 기한이 지난, 지불 기한이 넘은',281,'2025-07-14 10:22:52.296'),
(6507,'regrettably','유감스럽게도',281,'2025-07-14 10:22:52.296'),
(6508,'balance','잔고, 차감 잔액',281,'2025-07-14 10:22:52.296'),
(6509,'deposit','입금하다, 예금하다',281,'2025-07-14 10:22:52.296'),
(6510,'investigation','조사',281,'2025-07-14 10:22:52.296'),
(6511,'account','계좌, 설명, 고려, (~의 이유를) 밝히다, 설명하다 (~의 비율을) 차지하다',281,'2025-07-14 10:22:52.296'),
(6512,'statement','명세서, 성명서',281,'2025-07-14 10:22:52.296'),
(6513,'amount','액수, 약',281,'2025-07-14 10:22:52.296'),
(6514,'withdrawal','(예금의)인출',281,'2025-07-14 10:22:52.296'),
(6515,'previously','이전에',281,'2025-07-14 10:22:52.296'),
(6516,'due','만기가 된, 지불기일이 된,  (금전 등이)~에게 마땅히 지급되어야 할',281,'2025-07-14 10:22:52.296'),
(6517,'receive','받다, 수취하다',281,'2025-07-14 10:22:52.296'),
(6518,'expect','예상하다, 기대하다',281,'2025-07-14 10:22:52.296'),
(6519,'certificate','증명서, 증서',281,'2025-07-14 10:22:52.296'),
(6520,'document','서류, 문서, 기록하다, 문서를 작성하다',281,'2025-07-14 10:22:52.296'),
(6521,'spending','소비, 지출',281,'2025-07-14 10:22:52.296'),
(6522,'successfully','성공적으로',281,'2025-07-14 10:22:52.296'),
(6523,'bill','~에게 청구서를 보내다, 청구서, 계산서',281,'2025-07-14 10:22:52.296'),
(6524,'pleasure','즐거움, 기쁨, 영광',281,'2025-07-14 10:22:52.296'),
(6525,'study','연구',281,'2025-07-14 10:22:52.296'),
(6526,'summary','요약, 개요',281,'2025-07-14 10:22:52.296'),
(6527,'temporary','임시의',281,'2025-07-14 10:22:52.296'),
(6528,'lower','(양·가격을) 줄이다',281,'2025-07-14 10:22:52.296'),
(6529,'transaction','거래, 업무',281,'2025-07-14 10:22:52.296'),
(6530,'double','두 배로 만들다',281,'2025-07-14 10:22:52.296'),
(6531,'identification','신분증, 신분 증명서',281,'2025-07-14 10:22:52.296'),
(6532,'dissatisfaction','불만, 불평',281,'2025-07-14 10:22:52.296'),
(6533,'in common','공통으로, 공동으로',281,'2025-07-14 10:22:52.296'),
(6534,'interest','관심, 권리, 이자',281,'2025-07-14 10:22:52.296'),
(6535,'reject','거절하다, 거부하다',281,'2025-07-14 10:22:52.296'),
(6536,'relation','관계',281,'2025-07-14 10:22:52.296'),
(6537,'tentatively','임시로, 시험적으로',281,'2025-07-14 10:22:52.296'),
(6538,'alternatively','그렇지 않으면, 그 대신에',281,'2025-07-14 10:22:52.296'),
(6539,'attentive','주의 깊은, 세심한',281,'2025-07-14 10:22:52.296'),
(6540,'convert','전환하다, 변환하다',281,'2025-07-14 10:22:52.296'),
(6541,'heavily','몹시, 심하게',281,'2025-07-14 10:22:52.296'),
(6542,'loan','대출, 대출금',281,'2025-07-14 10:22:52.296'),
(6543,'unexpected','예기치 않은',281,'2025-07-14 10:22:52.296'),
(6544,'cash','현금으로 바꾸다',281,'2025-07-14 10:22:52.296'),
(6545,'mortgage','(담보) 대출',281,'2025-07-14 10:22:52.296'),
(6546,'investment','투자, 투자금',282,'2025-07-14 10:22:52.305'),
(6547,'lucrative','수익성 있는, 돈벌이가 되는',282,'2025-07-14 10:22:52.305'),
(6548,'inherently','본질적으로',282,'2025-07-14 10:22:52.305'),
(6549,'secure','확보하다, 얻어내다, 안전하게 지키다, 고정시키다',282,'2025-07-14 10:22:52.305'),
(6550,'foreseeable','예견할 수 있는',282,'2025-07-14 10:22:52.305'),
(6551,'innate','타고난',282,'2025-07-14 10:22:52.305'),
(6552,'property','재산',282,'2025-07-14 10:22:52.305'),
(6553,'on behalf of','~을 대신해서',282,'2025-07-14 10:22:52.305'),
(6554,'lease','임대차(계약)',282,'2025-07-14 10:22:52.305'),
(6555,'sponsor','후원하다, 후원자',282,'2025-07-14 10:22:52.305'),
(6556,'propose','제안하다',282,'2025-07-14 10:22:52.305'),
(6557,'support','후원, 원조, 지지, 지원하다, 후원하다, 살게하다, (생명·기력 등을)유지하다',282,'2025-07-14 10:22:52.305'),
(6558,'distribution','분배, 배급',282,'2025-07-14 10:22:52.305'),
(6559,'consider','고려하다',282,'2025-07-14 10:22:52.305'),
(6560,'nearly','거의, 대략',282,'2025-07-14 10:22:52.305'),
(6561,'consent','동의, 허락',282,'2025-07-14 10:22:52.305'),
(6562,'gratitude','고마움, 감사',282,'2025-07-14 10:22:52.305'),
(6563,'consult','상의하다, 상담하다',282,'2025-07-14 10:22:52.305'),
(6564,'advice','조언, 충고',282,'2025-07-14 10:22:52.305'),
(6565,'partially','부분적으로, 일부분은',282,'2025-07-14 10:22:52.305'),
(6566,'evident','분명한, 명백한',282,'2025-07-14 10:22:52.305'),
(6567,'reliability','신뢰도, 믿음직함',282,'2025-07-14 10:22:52.305'),
(6568,'cautious','조심하는, 신중한',282,'2025-07-14 10:22:52.305'),
(6569,'insight','식견, 통찰력',282,'2025-07-14 10:22:52.305'),
(6570,'portfolio','포트폴리오, 투자 자산 구성',282,'2025-07-14 10:22:52.305'),
(6571,'possible','가능한, 있음 직한',282,'2025-07-14 10:22:52.305'),
(6572,'speculation','추측',282,'2025-07-14 10:22:52.305'),
(6573,'solely','전적으로',282,'2025-07-14 10:22:52.305'),
(6574,'entrepreneur','사업가',282,'2025-07-14 10:22:52.305'),
(6575,'eventually','결국, 마침내',282,'2025-07-14 10:22:52.305'),
(6576,'shareholder','주주',282,'2025-07-14 10:22:52.305'),
(6577,'outlook','전망',282,'2025-07-14 10:22:52.305'),
(6578,'stability','안정, 안정성',282,'2025-07-14 10:22:52.305'),
(6579,'bond','채권',282,'2025-07-14 10:22:52.305'),
(6580,'depreciation','가치 하락, 화폐의 구매력 저하',282,'2025-07-14 10:22:52.305'),
(6581,'increasing','증가하는',282,'2025-07-14 10:22:52.305'),
(6582,'prevalent','유행하고 있는, 널리 퍼진',282,'2025-07-14 10:22:52.305'),
(6583,'rapid','빠른, 신속한',282,'2025-07-14 10:22:52.305'),
(6584,'unprecedented','전례 없는',282,'2025-07-14 10:22:52.305'),
(6585,'yield','(이윤을) 가져오다, 산출하다',282,'2025-07-14 10:22:52.305'),
(6586,'challenge','도전, 도전하다',282,'2025-07-14 10:22:52.305'),
(6587,'furnished','가구가 비치된',283,'2025-07-14 10:22:52.314'),
(6588,'residence','거주지, 주택',283,'2025-07-14 10:22:52.314'),
(6589,'spacious','(공간이)넓은',283,'2025-07-14 10:22:52.314'),
(6590,'drape','(방 등을 커튼 등으로)장식하다',283,'2025-07-14 10:22:52.314'),
(6591,'unoccupied','(집 등이) 비어있는, 사람이 살지 않는',283,'2025-07-14 10:22:52.314'),
(6592,'renovation','수리, 개조',283,'2025-07-14 10:22:52.314'),
(6593,'appropriate','적당한, 적합한',283,'2025-07-14 10:22:52.314'),
(6594,'delay','연기하다, ~을 뒤로 미루다',283,'2025-07-14 10:22:52.314'),
(6595,'community','지역 사회, 공동체',283,'2025-07-14 10:22:52.314'),
(6596,'construction','건설, 건축',283,'2025-07-14 10:22:52.314'),
(6597,'repair','수리하다',283,'2025-07-14 10:22:52.314'),
(6598,'currently','현재',283,'2025-07-14 10:22:52.314'),
(6599,'regularly','정기적으로',283,'2025-07-14 10:22:52.314'),
(6600,'arrange','배열하다, 정돈하다',283,'2025-07-14 10:22:52.314'),
(6601,'location','장소, 위치',283,'2025-07-14 10:22:52.314'),
(6602,'restore','복구하다, 회복시키다',283,'2025-07-14 10:22:52.314'),
(6603,'presently','현재',283,'2025-07-14 10:22:52.314'),
(6604,'numerous','많은',283,'2025-07-14 10:22:52.314'),
(6605,'abandon','그만두다, 버리다',283,'2025-07-14 10:22:52.314'),
(6606,'contractor','계약자, 도급업자',283,'2025-07-14 10:22:52.314'),
(6607,'develop','개발하다',283,'2025-07-14 10:22:52.314'),
(6608,'maintain','유지하다, 관리하다',283,'2025-07-14 10:22:52.314'),
(6609,'densely','빽빽히, 밀집하여',283,'2025-07-14 10:22:52.314'),
(6610,'prepare','준비하다, 채비를 갖추다',283,'2025-07-14 10:22:52.314'),
(6611,'finally','결국, 마침내',283,'2025-07-14 10:22:52.314'),
(6612,'district','지역, 지구',283,'2025-07-14 10:22:52.314'),
(6613,'renewal','재개발',283,'2025-07-14 10:22:52.314'),
(6614,'compulsory','의무적인',283,'2025-07-14 10:22:52.314'),
(6615,'interfere','방해하다, 해치다',283,'2025-07-14 10:22:52.314'),
(6616,'relocation','이전, 재배치',283,'2025-07-14 10:22:52.314'),
(6617,'totally','완전히, 전적으로',283,'2025-07-14 10:22:52.314'),
(6618,'actually','실제로, 사실은',283,'2025-07-14 10:22:52.314'),
(6619,'architect','건축가',283,'2025-07-14 10:22:52.314'),
(6620,'enlarge','확장하다, 확대하다',283,'2025-07-14 10:22:52.314'),
(6621,'install','설치하다, 장치하다',283,'2025-07-14 10:22:52.314'),
(6622,'suppose','생각하다, 추측하다',283,'2025-07-14 10:22:52.314'),
(6623,'permanent','영구적인',283,'2025-07-14 10:22:52.314'),
(6624,'adjacent','인접한',283,'2025-07-14 10:22:52.314'),
(6625,'consist','구성되다, 이루어지다',283,'2025-07-14 10:22:52.314'),
(6626,'utility','공공시설, 공공요금',283,'2025-07-14 10:22:52.314'),
(6627,'armchair','안락의자',283,'2025-07-14 10:22:52.314'),
(6628,'conserve','보존하다, 유지하다',284,'2025-07-14 10:22:52.322'),
(6629,'chance','가능성, 기회',284,'2025-07-14 10:22:52.322'),
(6630,'forecast','(날씨의) 예보',284,'2025-07-14 10:22:52.322'),
(6631,'waste','쓰레기, 폐기물',284,'2025-07-14 10:22:52.322'),
(6632,'dispose','처분하다, 처리하다',284,'2025-07-14 10:22:52.322'),
(6633,'recycling','재활용',284,'2025-07-14 10:22:52.322'),
(6634,'clear','말게 갠, 명백한, 분명한, 또렷하게, 완전히, 떨어져서',284,'2025-07-14 10:22:52.322'),
(6635,'damage','피해, 손해, (물건을) 손상시키다',284,'2025-07-14 10:22:52.322'),
(6636,'significant','상당한, 중대한, 중요한',284,'2025-07-14 10:22:52.322'),
(6637,'solution','해결책',284,'2025-07-14 10:22:52.322'),
(6638,'occur','(일이) 발생하다, 생기다',284,'2025-07-14 10:22:52.322'),
(6639,'ideal','이상적인',284,'2025-07-14 10:22:52.322'),
(6640,'preserve','보존하다, 보호하다',284,'2025-07-14 10:22:52.322'),
(6641,'aid','원조',284,'2025-07-14 10:22:52.322'),
(6642,'excessive','지나친, 과도한',284,'2025-07-14 10:22:52.322'),
(6643,'intensively','집중적으로',284,'2025-07-14 10:22:52.322'),
(6644,'vary','다르다, 다양하다',284,'2025-07-14 10:22:52.322'),
(6645,'pleasing','즐거운, 기분 좋은, 만족스러운',284,'2025-07-14 10:22:52.322'),
(6646,'mark','점수, 평점, 표시, 기념하다, 축하하다',284,'2025-07-14 10:22:52.322'),
(6647,'inaccessible','접근이 불가능한, 이용이 불가능한',284,'2025-07-14 10:22:52.322'),
(6648,'disturb','방해하다',284,'2025-07-14 10:22:52.322'),
(6649,'pollutant','오염 물질',284,'2025-07-14 10:22:52.322'),
(6650,'emission','배기가스, 방출',284,'2025-07-14 10:22:52.322'),
(6651,'dense','빽빽한, 밀집한',284,'2025-07-14 10:22:52.322'),
(6652,'environmental','환경적인',284,'2025-07-14 10:22:52.322'),
(6653,'consistent','일치하는, 지속적인, 한결같은',284,'2025-07-14 10:22:52.322'),
(6654,'leak','누출, 누출량, (물·빛이) 새게 하다',284,'2025-07-14 10:22:52.322'),
(6655,'organization','단체',284,'2025-07-14 10:22:52.322'),
(6656,'continually','계속해서',284,'2025-07-14 10:22:52.322'),
(6657,'contaminate','오염시키다',284,'2025-07-14 10:22:52.322'),
(6658,'disaster','재난',284,'2025-07-14 10:22:52.322'),
(6659,'discharge','방출하다',284,'2025-07-14 10:22:52.322'),
(6660,'resource','자원',284,'2025-07-14 10:22:52.322'),
(6661,'prominent','유명한, 두드러진',284,'2025-07-14 10:22:52.322'),
(6662,'deplete','고갈시키다',284,'2025-07-14 10:22:52.322'),
(6663,'purify','정화시키다',284,'2025-07-14 10:22:52.322'),
(6664,'endangered','멸종 위기에 처한',284,'2025-07-14 10:22:52.322'),
(6665,'extinction','멸종',284,'2025-07-14 10:22:52.322'),
(6666,'drought','가뭄',284,'2025-07-14 10:22:52.322'),
(6667,'inflict','(고통·피해를)입히다, 가하다',284,'2025-07-14 10:22:52.322'),
(6668,'migration','이동, 이주',284,'2025-07-14 10:22:52.322'),
(6669,'fatigue','피로',285,'2025-07-14 10:22:52.330'),
(6670,'checkup','건강 진단',285,'2025-07-14 10:22:52.330'),
(6671,'symptom','증상',285,'2025-07-14 10:22:52.330'),
(6672,'physician','내과 의사',285,'2025-07-14 10:22:52.330'),
(6673,'diagnosis','진단',285,'2025-07-14 10:22:52.330'),
(6674,'prescribe','(약을) 처방하다',285,'2025-07-14 10:22:52.330'),
(6675,'recovery','회복, 쾌유',285,'2025-07-14 10:22:52.330'),
(6676,'recognize','인정하다, 알아보다',285,'2025-07-14 10:22:52.330'),
(6677,'join','~에 가입하다',285,'2025-07-14 10:22:52.330'),
(6678,'comprehensive','종합적인, 포괄적인',285,'2025-07-14 10:22:52.330'),
(6679,'participate','참여하다, 참가하다',285,'2025-07-14 10:22:52.330'),
(6680,'recommend','권고하다, 추천하다',285,'2025-07-14 10:22:52.330'),
(6681,'necessary','필요한',285,'2025-07-14 10:22:52.330'),
(6682,'ability','능력',285,'2025-07-14 10:22:52.330'),
(6683,'operation','수술',285,'2025-07-14 10:22:52.330'),
(6684,'cleanliness','청결',285,'2025-07-14 10:22:52.330'),
(6685,'duration','지속 기간, 지속',285,'2025-07-14 10:22:52.330'),
(6686,'examination','진찰, 검사',285,'2025-07-14 10:22:52.330'),
(6687,'eliminate','제거하다',285,'2025-07-14 10:22:52.330'),
(6688,'easily','쉽게',285,'2025-07-14 10:22:52.330'),
(6689,'dental','치과의',285,'2025-07-14 10:22:52.330'),
(6690,'dietary','식이 요법의, 규정식의',285,'2025-07-14 10:22:52.330'),
(6691,'related','관련된',285,'2025-07-14 10:22:52.330'),
(6692,'transmit','전염시키다',285,'2025-07-14 10:22:52.330'),
(6693,'periodically','주기적으로',285,'2025-07-14 10:22:52.330'),
(6694,'reaction','반응',285,'2025-07-14 10:22:52.330'),
(6695,'simple','단순한',285,'2025-07-14 10:22:52.330'),
(6696,'coverage','(보험의) 보상 범위, (신문 등의) 보도, 취재 범위',285,'2025-07-14 10:22:52.330'),
(6697,'exposure','노출',285,'2025-07-14 10:22:52.330'),
(6698,'pharmaceutical','제약의, 약학의',285,'2025-07-14 10:22:52.330'),
(6699,'premium','보험료',285,'2025-07-14 10:22:52.330'),
(6700,'relieve','완화시키다',285,'2025-07-14 10:22:52.330'),
(6701,'combination','결합, 연합',285,'2025-07-14 10:22:52.330'),
(6702,'conscious','알고 있는, 자각하고 있는',285,'2025-07-14 10:22:52.330'),
(6703,'deprivation','박탈, 상실',285,'2025-07-14 10:22:52.330'),
(6704,'health','건강, (사회·기관의) 번영, 안녕',285,'2025-07-14 10:22:52.330'),
(6705,'induce','유발하다',285,'2025-07-14 10:22:52.330'),
(6706,'insurance','보험',285,'2025-07-14 10:22:52.330'),
(6707,'nutrition','영양',285,'2025-07-14 10:22:52.330'),
(6708,'prevention','예방',285,'2025-07-14 10:22:52.330'),
(6709,'susceptible','~에 감염되기 쉬운, 영향 받기 쉬운',285,'2025-07-14 10:22:52.330');
/*!40000 ALTER TABLE `Question` ENABLE KEYS */;
UNLOCK TABLES;

--
-- Table structure for table `QuizProgress`
--

DROP TABLE IF EXISTS `QuizProgress`;
/*!40101 SET @saved_cs_client     = @@character_set_client */;
/*!40101 SET character_set_client = utf8 */;
CREATE TABLE `QuizProgress` (
  `id` int(11) NOT NULL AUTO_INCREMENT,
  `userId` varchar(191) NOT NULL,
  `quizSetId` int(11) NOT NULL,
  `type` varchar(191) NOT NULL,
  `data` longtext CHARACTER SET utf8mb4 COLLATE utf8mb4_bin DEFAULT NULL CHECK (json_valid(`data`)),
  `createdAt` datetime(3) NOT NULL DEFAULT current_timestamp(3),
  `updatedAt` datetime(3) NOT NULL,
  PRIMARY KEY (`id`),
  UNIQUE KEY `QuizProgress_userId_quizSetId_type_key` (`userId`,`quizSetId`,`type`),
  KEY `QuizProgress_quizSetId_fkey` (`quizSetId`),
  CONSTRAINT `QuizProgress_quizSetId_fkey` FOREIGN KEY (`quizSetId`) REFERENCES `QuizSet` (`id`) ON DELETE CASCADE ON UPDATE CASCADE,
  CONSTRAINT `QuizProgress_userId_fkey` FOREIGN KEY (`userId`) REFERENCES `User` (`id`) ON DELETE CASCADE ON UPDATE CASCADE
) ENGINE=InnoDB AUTO_INCREMENT=19 DEFAULT CHARSET=utf8mb4 COLLATE=utf8mb4_unicode_ci;
/*!40101 SET character_set_client = @saved_cs_client */;

--
-- Dumping data for table `QuizProgress`
--

LOCK TABLES `QuizProgress` WRITE;
/*!40000 ALTER TABLE `QuizProgress` DISABLE KEYS */;
INSERT INTO `QuizProgress` VALUES
(1,'cmcxd6tdt0000tb94e7hujo9b',129,'CHOICE','{\"currentIndex\":1,\"shuffledOrder\":[0,1,4,3,2],\"incorrects\":[],\"lastAnswer\":\"1??\"}','2025-07-10 13:09:24.505','2025-07-10 13:26:36.013'),
(2,'cmcxd6tdt0000tb94e7hujo9b',130,'CHOICE','{\"currentIndex\":5,\"shuffledOrder\":[0,1,2,3,4],\"incorrects\":[0,1,2,3],\"lastAnswer\":\"5??\"}','2025-07-10 13:27:01.077','2025-07-10 13:29:14.811'),
(3,'cmcxd6tdt0000tb94e7hujo9b',132,'QA_CHOICE','{\"currentIndex\":2,\"shuffledOrder\":[0,1],\"incorrects\":[1],\"lastAnswer\":\"123\"}','2025-07-10 13:27:17.910','2025-07-10 14:05:34.766'),
(4,'cmcxd6tdt0000tb94e7hujo9b',132,'CHOICE','{\"currentIndex\":2,\"shuffledOrder\":[1,0],\"incorrects\":[0],\"lastAnswer\":\"22\"}','2025-07-10 13:27:18.030','2025-07-10 13:27:20.123'),
(5,'cmcxd6tdt0000tb94e7hujo9b',130,'REVERSE_CHOICE','{\"currentIndex\":5,\"shuffledOrder\":[0,1,4,2,3],\"incorrects\":[0,1,4,2],\"lastAnswer\":\"4??\"}','2025-07-10 13:30:05.769','2025-07-10 13:30:09.331'),
(6,'cmcxd6tdt0000tb94e7hujo9b',132,'QA_SHORT','{\"currentIndex\":1,\"order\":[1,0],\"incorrects\":[1]}','2025-07-10 13:30:56.342','2025-07-10 14:00:53.901'),
(7,'cmcxd6tdt0000tb94e7hujo9b',132,'SHORT','{\"currentIndex\":0,\"order\":[0,1],\"incorrects\":[]}','2025-07-10 13:30:58.068','2025-07-10 13:30:58.068'),
(8,'cmcxd6tdt0000tb94e7hujo9b',131,'CHOICE','{\"currentIndex\":5,\"shuffledOrder\":[2,1,0,3,4],\"incorrects\":[2,1,3,4],\"lastAnswer\":\"2??\"}','2025-07-10 13:32:42.055','2025-07-10 14:04:39.353'),
(9,'cmcxd6tdt0000tb94e7hujo9b',131,'REVERSE_CHOICE','{\"currentIndex\":2,\"shuffledOrder\":[3,0,4,1,2],\"incorrects\":[3,0],\"lastAnswer\":\"2??\"}','2025-07-10 13:44:51.970','2025-07-10 14:00:09.274'),
(10,'cmcxd6tdt0000tb94e7hujo9b',131,'SHORT','{\"currentIndex\":3,\"order\":[0,4,1,2,3],\"incorrects\":[0,4,1]}','2025-07-10 13:51:56.006','2025-07-10 14:00:15.125'),
(11,'cmcxd6tdt0000tb94e7hujo9b',131,'REVERSE_SHORT','{\"currentIndex\":4,\"order\":[2,3,0,4,1],\"incorrects\":[2,3,0,4]}','2025-07-10 13:51:58.747','2025-07-10 14:00:28.843'),
(12,'cmcxd6tdt0000tb94e7hujo9b',130,'SHORT','{\"currentIndex\":1,\"order\":[0,1,2,3,4],\"incorrects\":[0]}','2025-07-10 14:05:54.601','2025-07-10 14:05:55.598'),
(13,'cmcwwrh7n0000tbycdmvrhk23',133,'QA_CHOICE','{\"currentIndex\":0,\"shuffledOrder\":[1,0],\"incorrects\":[],\"order\":[1,0]}','2025-07-11 15:08:57.024','2025-07-11 15:08:57.024'),
(14,'cmcwwrh7n0000tbycdmvrhk23',134,'CHOICE','{\"currentIndex\":0,\"shuffledOrder\":[0,1,2],\"incorrects\":[]}','2025-07-11 15:42:21.979','2025-07-11 15:42:27.082'),
(15,'cmcwwrh7n0000tbycdmvrhk23',122,'CHOICE','{\"currentIndex\":0,\"shuffledOrder\":[3,2,1,4,0],\"incorrects\":[],\"order\":[3,2,1,4,0]}','2025-07-11 15:45:45.378','2025-07-11 15:45:45.378'),
(16,'cmd1jqhbo0000tbm8b2iqlzg6',226,'CHOICE','{\"currentIndex\":0,\"shuffledOrder\":[27,19,29,39,26,31,32,22,6,11,20,10,33,7,34,36,25,17,38,40,16,15,3,9,1,30,18,5,24,4,12,23,14,0,8,35,37,13,21,2,28],\"incorrects\":[],\"order\":[27,19,29,39,26,31,32,22,6,11,20,10,33,7,34,36,25,17,38,40,16,15,3,9,1,30,18,5,24,4,12,23,14,0,8,35,37,13,21,2,28]}','2025-07-13 11:55:03.575','2025-07-13 11:55:03.575');
/*!40000 ALTER TABLE `QuizProgress` ENABLE KEYS */;
UNLOCK TABLES;

--
-- Table structure for table `QuizSet`
--

DROP TABLE IF EXISTS `QuizSet`;
/*!40101 SET @saved_cs_client     = @@character_set_client */;
/*!40101 SET character_set_client = utf8 */;
CREATE TABLE `QuizSet` (
  `id` int(11) NOT NULL AUTO_INCREMENT,
  `title` varchar(191) NOT NULL,
  `creatorId` varchar(191) NOT NULL,
  `createdAt` datetime(3) NOT NULL DEFAULT current_timestamp(3),
  `isPublic` tinyint(1) NOT NULL DEFAULT 0,
  `type` enum('WORD','QA') NOT NULL DEFAULT 'WORD',
  `updatedAt` datetime(3) NOT NULL DEFAULT current_timestamp(3),
  `folderId` int(11) DEFAULT NULL,
  PRIMARY KEY (`id`),
  KEY `QuizSet_folderId_fkey` (`folderId`),
  KEY `QuizSet_creatorId_fkey` (`creatorId`),
  CONSTRAINT `QuizSet_creatorId_fkey` FOREIGN KEY (`creatorId`) REFERENCES `User` (`id`) ON DELETE CASCADE ON UPDATE CASCADE,
  CONSTRAINT `QuizSet_folderId_fkey` FOREIGN KEY (`folderId`) REFERENCES `Folder` (`id`) ON DELETE CASCADE ON UPDATE CASCADE
) ENGINE=InnoDB AUTO_INCREMENT=286 DEFAULT CHARSET=utf8mb4 COLLATE=utf8mb4_unicode_ci;
/*!40101 SET character_set_client = @saved_cs_client */;

--
-- Dumping data for table `QuizSet`
--

LOCK TABLES `QuizSet` WRITE;
/*!40000 ALTER TABLE `QuizSet` DISABLE KEYS */;
INSERT INTO `QuizSet` VALUES
(256,'Day 1 채용','cmd2s4cbq0000tbbcown1hlpd','2025-07-14 10:22:52.018',0,'WORD','2025-07-14 10:22:52.018',NULL),
(257,'Day 2 규칙   법률','cmd2s4cbq0000tbbcown1hlpd','2025-07-14 10:22:52.044',0,'WORD','2025-07-14 10:22:52.044',NULL),
(258,'Day 3 일반사무(1)','cmd2s4cbq0000tbbcown1hlpd','2025-07-14 10:22:52.057',0,'WORD','2025-07-14 10:22:52.057',NULL),
(259,'Day 4 일반사무(2)','cmd2s4cbq0000tbbcown1hlpd','2025-07-14 10:22:52.066',0,'WORD','2025-07-14 10:22:52.066',NULL),
(260,'Day 5 일반사무(3)','cmd2s4cbq0000tbbcown1hlpd','2025-07-14 10:22:52.076',0,'WORD','2025-07-14 10:22:52.076',NULL),
(261,'Day 6 여가 · 공동체','cmd2s4cbq0000tbbcown1hlpd','2025-07-14 10:22:52.085',0,'WORD','2025-07-14 10:22:52.085',NULL),
(262,'Day 7 마케팅(1)','cmd2s4cbq0000tbbcown1hlpd','2025-07-14 10:22:52.099',0,'WORD','2025-07-14 10:22:52.099',NULL),
(263,'Day 8 마케팅(2)','cmd2s4cbq0000tbbcown1hlpd','2025-07-14 10:22:52.108',0,'WORD','2025-07-14 10:22:52.108',NULL),
(264,'Day 9 경제','cmd2s4cbq0000tbbcown1hlpd','2025-07-14 10:22:52.117',0,'WORD','2025-07-14 10:22:52.117',NULL),
(265,'Day 10 쇼핑','cmd2s4cbq0000tbbcown1hlpd','2025-07-14 10:22:52.131',0,'WORD','2025-07-14 10:22:52.131',NULL),
(266,'Day 11 제품개발','cmd2s4cbq0000tbbcown1hlpd','2025-07-14 10:22:52.140',0,'WORD','2025-07-14 10:22:52.140',NULL),
(267,'Day 12 생산','cmd2s4cbq0000tbbcown1hlpd','2025-07-14 10:22:52.149',0,'WORD','2025-07-14 10:22:52.149',NULL),
(268,'Day 13 고객서비스','cmd2s4cbq0000tbbcown1hlpd','2025-07-14 10:22:52.159',0,'WORD','2025-07-14 10:22:52.159',NULL),
(269,'Day 14 여행·공항','cmd2s4cbq0000tbbcown1hlpd','2025-07-14 10:22:52.167',0,'WORD','2025-07-14 10:22:52.167',NULL),
(270,'Day 15 계약','cmd2s4cbq0000tbbcown1hlpd','2025-07-14 10:22:52.181',0,'WORD','2025-07-14 10:22:52.181',NULL),
(271,'Day 16 상거래','cmd2s4cbq0000tbbcown1hlpd','2025-07-14 10:22:52.189',0,'WORD','2025-07-14 10:22:52.189',NULL),
(272,'Day 17 무역·배송','cmd2s4cbq0000tbbcown1hlpd','2025-07-14 10:22:52.198',0,'WORD','2025-07-14 10:22:52.198',NULL),
(273,'Day 18 숙박·식당','cmd2s4cbq0000tbbcown1hlpd','2025-07-14 10:22:52.207',0,'WORD','2025-07-14 10:22:52.207',NULL),
(274,'Day 19 수익','cmd2s4cbq0000tbbcown1hlpd','2025-07-14 10:22:52.218',0,'WORD','2025-07-14 10:22:52.218',NULL),
(275,'Day 20 회계','cmd2s4cbq0000tbbcown1hlpd','2025-07-14 10:22:52.232',0,'WORD','2025-07-14 10:22:52.232',NULL),
(276,'Day 21 회사동향','cmd2s4cbq0000tbbcown1hlpd','2025-07-14 10:22:52.241',0,'WORD','2025-07-14 10:22:52.241',NULL),
(277,'Day 22 미팅','cmd2s4cbq0000tbbcown1hlpd','2025-07-14 10:22:52.251',0,'WORD','2025-07-14 10:22:52.251',NULL),
(278,'Day 23 사원 복지','cmd2s4cbq0000tbbcown1hlpd','2025-07-14 10:22:52.261',0,'WORD','2025-07-14 10:22:52.261',NULL),
(279,'Day 24 인사이동','cmd2s4cbq0000tbbcown1hlpd','2025-07-14 10:22:52.272',0,'WORD','2025-07-14 10:22:52.272',NULL),
(280,'Day 25 교통','cmd2s4cbq0000tbbcown1hlpd','2025-07-14 10:22:52.282',0,'WORD','2025-07-14 10:22:52.282',NULL),
(281,'Day 26 은행','cmd2s4cbq0000tbbcown1hlpd','2025-07-14 10:22:52.296',0,'WORD','2025-07-14 10:22:52.296',NULL),
(282,'Day 27 투자','cmd2s4cbq0000tbbcown1hlpd','2025-07-14 10:22:52.305',0,'WORD','2025-07-14 10:22:52.305',NULL),
(283,'Day 28 건물·주택','cmd2s4cbq0000tbbcown1hlpd','2025-07-14 10:22:52.314',0,'WORD','2025-07-14 10:22:52.314',NULL),
(284,'Day 29 환경','cmd2s4cbq0000tbbcown1hlpd','2025-07-14 10:22:52.322',0,'WORD','2025-07-14 10:22:52.322',NULL),
(285,'Day 30 건강','cmd2s4cbq0000tbbcown1hlpd','2025-07-14 10:22:52.330',0,'WORD','2025-07-14 10:22:52.330',NULL);
/*!40000 ALTER TABLE `QuizSet` ENABLE KEYS */;
UNLOCK TABLES;

--
-- Table structure for table `User`
--

DROP TABLE IF EXISTS `User`;
/*!40101 SET @saved_cs_client     = @@character_set_client */;
/*!40101 SET character_set_client = utf8 */;
CREATE TABLE `User` (
  `id` varchar(191) NOT NULL,
  `email` varchar(191) DEFAULT NULL,
  `name` varchar(191) DEFAULT NULL,
  `createdAt` datetime(3) NOT NULL DEFAULT current_timestamp(3),
  `password` varchar(191) DEFAULT NULL,
  `updatedAt` datetime(3) NOT NULL DEFAULT current_timestamp(3),
  `image` varchar(191) DEFAULT NULL,
  `emailVerified` datetime(3) DEFAULT NULL,
  PRIMARY KEY (`id`),
  UNIQUE KEY `User_email_key` (`email`)
) ENGINE=InnoDB DEFAULT CHARSET=utf8mb4 COLLATE=utf8mb4_unicode_ci;
/*!40101 SET character_set_client = @saved_cs_client */;

--
-- Dumping data for table `User`
--

LOCK TABLES `User` WRITE;
/*!40000 ALTER TABLE `User` DISABLE KEYS */;
INSERT INTO `User` VALUES
('cmd2s4cbq0000tbbcown1hlpd','h@h','h','2025-07-14 07:25:44.678','$2b$10$cIUKgwACF9tf7LA6vORS4O3tNqcZUKVMPhQp4dZ///fUK2cMUlrZ.','2025-07-14 07:25:44.678',NULL,NULL);
/*!40000 ALTER TABLE `User` ENABLE KEYS */;
UNLOCK TABLES;

--
-- Table structure for table `_prisma_migrations`
--

DROP TABLE IF EXISTS `_prisma_migrations`;
/*!40101 SET @saved_cs_client     = @@character_set_client */;
/*!40101 SET character_set_client = utf8 */;
CREATE TABLE `_prisma_migrations` (
  `id` varchar(36) NOT NULL,
  `checksum` varchar(64) NOT NULL,
  `finished_at` datetime(3) DEFAULT NULL,
  `migration_name` varchar(255) NOT NULL,
  `logs` text DEFAULT NULL,
  `rolled_back_at` datetime(3) DEFAULT NULL,
  `started_at` datetime(3) NOT NULL DEFAULT current_timestamp(3),
  `applied_steps_count` int(10) unsigned NOT NULL DEFAULT 0,
  PRIMARY KEY (`id`)
) ENGINE=InnoDB DEFAULT CHARSET=utf8mb4 COLLATE=utf8mb4_unicode_ci;
/*!40101 SET character_set_client = @saved_cs_client */;

--
-- Dumping data for table `_prisma_migrations`
--

LOCK TABLES `_prisma_migrations` WRITE;
/*!40000 ALTER TABLE `_prisma_migrations` DISABLE KEYS */;
INSERT INTO `_prisma_migrations` VALUES
('0b5e2602-e25b-4c60-b589-4c0883333be1','7d41d8ae1c69ec2380fd4ee4a3df12ed2d0040c1ecdbc1baf21dd9393fd292f0','2025-07-08 08:12:57.187','20250708081256_',NULL,NULL,'2025-07-08 08:12:56.818',1),
('10700789-9760-45ec-ab77-8322aea4243c','2c4dce53fa68ba1d5342df2a7ce1a2b8181b100212ece44ee171c3cf5e5660e6','2025-07-10 13:06:22.426','20250710130622_',NULL,NULL,'2025-07-10 13:06:22.281',1),
('3052835d-1035-4477-983a-ab5743855a36','984aeb7cc29ddefaa53c696fc9f47edbe02db7a7a525d63e3bb33e93331ad9a1','2025-07-08 08:30:37.977','20250708083037_',NULL,NULL,'2025-07-08 08:30:37.597',1),
('423b6672-8832-465b-aa15-ee4db2d6cd9d','7cf002bd50619a0a561d9456ace885883e4e5438e1e6f91f2f3a19f277e768fd','2025-07-08 08:38:55.324','20250708083855_',NULL,NULL,'2025-07-08 08:38:55.285',1),
('4b0ecdb4-a591-4d89-b39d-09fefd183552','1177458b4ff48f4563a0f106b81528eca949e19998e8618c065d01850830adc2','2025-07-07 07:33:44.298','20250707073344_',NULL,NULL,'2025-07-07 07:33:44.034',1),
('4e46ccc3-bb99-46e6-93a7-4867bae5e54c','df90fdd1db6cf30381f3af47ff897eacd526b9a5a34a6a25618b2703c0bfb068','2025-06-12 21:38:46.619','20250612213846_',NULL,NULL,'2025-06-12 21:38:46.480',1),
('578986cf-a242-4691-baba-0458e823d0ff','6eaf284649e09abebb3dc1abd02fb741209183b7ff750197fb3fe2bf6c9ce24a','2025-07-07 06:43:04.600','20250707064304_',NULL,NULL,'2025-07-07 06:43:04.518',1),
('7e8b017b-b248-4449-aeaa-bd5320787795','0daf45b23a6d6481af41b2a52ab3bc7c927d6a83bdeef8fa8fba7ef03540bb5c','2025-07-07 04:45:49.710','20250707044549_',NULL,NULL,'2025-07-07 04:45:49.466',1),
('833ac30b-65ed-4c0f-a39e-dfd3ddb9f2c9','bf8af542268836d9a84e640b2c031139e8554d815f0ef10a0decc2bf529790f9','2025-07-06 13:34:39.154','20250706133438_',NULL,NULL,'2025-07-06 13:34:39.125',1),
('8af52d8a-8f6b-4339-b08e-b76eb031f91a','22974db6a3ef6226f348e707cc663d29bdaded06c2c11007abcf5c8873ebc1da','2025-07-08 08:44:56.762','20250708084456_',NULL,NULL,'2025-07-08 08:44:56.554',1),
('9aa3a606-1af8-4128-aa57-c4336552650c','45dd1870f3ecb37e3e40153741505ef1e2fd4bcbe2d07dee79f06c559f37ee81','2025-07-07 08:16:56.793','20250707081656_',NULL,NULL,'2025-07-07 08:16:56.704',1),
('a5328107-24a7-4445-a18c-9460185425ca','a5d23b01237f7233ea0cf9e53d2d895c4bda2afa51945ad1e4ab73bf4ea40f87','2025-07-07 09:28:58.901','20250707092858_',NULL,NULL,'2025-07-07 09:28:58.557',1),
('c557a763-ad13-451b-b901-94e759763abc','7e19d423a473a5e332fc9128173132a990196fb6178ea4763ca3da383656dfad','2025-07-07 08:00:58.463','20250707080058_',NULL,NULL,'2025-07-07 08:00:58.199',1),
('c5a0d34a-847e-4bbb-b26d-c72db256d029','6e3508852885b94bffb538042cd5f1c1570289ec41140fd794c50bdc5f1ae694','2025-06-12 23:17:18.943','20250612231718_',NULL,NULL,'2025-06-12 23:17:18.913',1),
('c5b55607-bed6-4ff1-a48b-ebdc92020d58','5985329e851c836a0c29f7f6a89690bb3ca576f01e0c467ecabd299d411eabcf','2025-07-08 08:37:08.833','20250708083708_',NULL,NULL,'2025-07-08 08:37:08.794',1),
('cc4cb780-69b0-4ca4-8670-f109fe2377b7','62cf4e95fa4d7faa4544d08bdab9fefd8db9b5cb35e25ffb8d709b7bd2c4f44a','2025-07-07 11:35:45.347','20250707113545_',NULL,NULL,'2025-07-07 11:35:45.236',1),
('e03634de-33e5-431d-9b70-aded0462a7e6','80dd7286568bc51dc0a9c00f43e70fe61397f44748e26e144d3beb178c9c3b3d','2025-07-07 06:38:18.274','20250707063818_',NULL,NULL,'2025-07-07 06:38:18.193',1),
('f5133a6d-1f17-4b67-bd6d-210185c0755d','fd2a80e43cf2a35adc637ecca8ae2745b57e7017369a546341821d791078c9f0','2025-07-06 13:58:07.717','20250706135807_',NULL,NULL,'2025-07-06 13:58:07.679',1),
('f6c29449-a760-410b-808b-7926ce0c56f7','2b50588a94c7fc14ede90cb2f399b9e8c639f72c180e96d118aa0a523ea1c9b4','2025-07-08 03:41:00.378','20250708034100_',NULL,NULL,'2025-07-08 03:41:00.191',1);
/*!40000 ALTER TABLE `_prisma_migrations` ENABLE KEYS */;
UNLOCK TABLES;

--
-- Table structure for table `accounts`
--

DROP TABLE IF EXISTS `accounts`;
/*!40101 SET @saved_cs_client     = @@character_set_client */;
/*!40101 SET character_set_client = utf8 */;
CREATE TABLE `accounts` (
  `id` varchar(191) NOT NULL,
  `user_id` varchar(191) NOT NULL,
  `type` varchar(191) DEFAULT NULL,
  `provider` varchar(191) NOT NULL,
  `provider_account_id` varchar(191) NOT NULL,
  `refresh_token` text DEFAULT NULL,
  `access_token` text DEFAULT NULL,
  `expires_at` int(11) DEFAULT NULL,
  `token_type` varchar(191) DEFAULT NULL,
  `scope` varchar(191) DEFAULT NULL,
  `id_token` text DEFAULT NULL,
  `session_state` varchar(191) DEFAULT NULL,
  `createdAt` datetime(3) NOT NULL DEFAULT current_timestamp(3),
  `updatedAt` datetime(3) NOT NULL,
  PRIMARY KEY (`id`),
  UNIQUE KEY `accounts_provider_provider_account_id_key` (`provider`,`provider_account_id`),
  KEY `accounts_user_id_fkey` (`user_id`),
  CONSTRAINT `accounts_user_id_fkey` FOREIGN KEY (`user_id`) REFERENCES `User` (`id`) ON DELETE CASCADE ON UPDATE CASCADE
) ENGINE=InnoDB DEFAULT CHARSET=utf8mb4 COLLATE=utf8mb4_unicode_ci;
/*!40101 SET character_set_client = @saved_cs_client */;

--
-- Dumping data for table `accounts`
--

LOCK TABLES `accounts` WRITE;
/*!40000 ALTER TABLE `accounts` DISABLE KEYS */;
INSERT INTO `accounts` VALUES
('cmcuaf90s0001tbxwufq6jvz8','cmcua3rco0000tbjscwn3l354','oauth','google','103089791334617742815','1//0eg3TWVaZkto7CgYIARAAGA4SNwF-L9IrvRjR4iAjn-z9ndDtiKQTJOYNDBpRrfvo3aVIM_zsauYIGBIcF3qn-dgFJWJPJm27U_A','ya29.a0AS3H6Nxz0dnFdqW-B0fvUTc4Q1byBZpYJGuKNbHOb4COZeeqIFrKgLLzold7NzU-6BJftimTzzys6K83qBMR1zeBXgUZAliwZ5VledWVZ44OruaaGwITCOKs74N_weCyR3YoNC6TF0uHBTEsDhj0Yw5c-4NMMeb3KIfUK7VHaCgYKAfsSARMSFQHGX2Mi0A61bjKpfSh9ApHhvrhMWQ0175',1751968089,'Bearer','openid https://www.googleapis.com/auth/userinfo.email https://www.googleapis.com/auth/userinfo.profile','eyJhbGciOiJSUzI1NiIsImtpZCI6IjhlOGZjOGU1NTZmN2E3NmQwOGQzNTgyOWQ2ZjkwYWUyZTEyY2ZkMGQiLCJ0eXAiOiJKV1QifQ.eyJpc3MiOiJodHRwczovL2FjY291bnRzLmdvb2dsZS5jb20iLCJhenAiOiIxOTUzNjE1ODcwMjctbGNlMHNrMnBsMzUwcGFwb2hkcjIxdWswbTdjMnFsaXIuYXBwcy5nb29nbGV1c2VyY29udGVudC5jb20iLCJhdWQiOiIxOTUzNjE1ODcwMjctbGNlMHNrMnBsMzUwcGFwb2hkcjIxdWswbTdjMnFsaXIuYXBwcy5nb29nbGV1c2VyY29udGVudC5jb20iLCJzdWIiOiIxMDMwODk3OTEzMzQ2MTc3NDI4MTUiLCJlbWFpbCI6Im9uaXRyYTM1QGdtYWlsLmNvbSIsImVtYWlsX3ZlcmlmaWVkIjp0cnVlLCJhdF9oYXNoIjoiNE52WFdvUGVKMTlzNkk2ajF2R0tzUSIsIm5hbWUiOiLsnbTsoJXsnqwiLCJwaWN0dXJlIjoiaHR0cHM6Ly9saDMuZ29vZ2xldXNlcmNvbnRlbnQuY29tL2EvQUNnOG9jSTR3VlJUZnNULXN0OTVQUklnOTB0VFV6dlc3UHREWG9OaUs0NGxPcnRMNlB1dW9nZz1zOTYtYyIsImdpdmVuX25hbWUiOiLsnbTsoJXsnqwiLCJpYXQiOjE3NTE5NjQ0OTIsImV4cCI6MTc1MTk2ODA5Mn0.UheTykKN1pL6aPYf0P5Fd8afYjdK1OVeFvsk7MAf84NgL8v2sOZar7coRqWbSRYtram9c6lZYbxwrHYN042awV6qr_-IR5l9kS2vp6bostKnySJlnMioBPuiB5az-hK6q_O_XNAK0lb7OBEwz6xY-BLLqJJkCUGDUMzA8BjbNQqwFLlm4n7lXoaE7yfb9jqSo8_pUe1aLan5paqUoEobGFYVlQrmstBu2kVQVgnHZf-Bl9Ds8eCAtEBcnpkL-Yvo60lr9GRvgULSfIMc6XCuoJwNUM8Q-3sJBgMWATrGn8gqfc5PoRquLlpIoJAVH1BRa6DeFOjQUfAK8mNYmyYsFg',NULL,'2025-07-08 08:48:11.114','2025-07-08 08:48:11.114');
/*!40000 ALTER TABLE `accounts` ENABLE KEYS */;
UNLOCK TABLES;

--
-- Table structure for table `sessions`
--

DROP TABLE IF EXISTS `sessions`;
/*!40101 SET @saved_cs_client     = @@character_set_client */;
/*!40101 SET character_set_client = utf8 */;
CREATE TABLE `sessions` (
  `id` varchar(191) NOT NULL,
  `user_id` varchar(191) DEFAULT NULL,
  `session_token` varchar(191) NOT NULL,
  `access_token` text DEFAULT NULL,
  `expires` datetime(3) NOT NULL,
  `createdAt` datetime(3) NOT NULL DEFAULT current_timestamp(3),
  `updatedAt` datetime(3) NOT NULL,
  PRIMARY KEY (`id`),
  UNIQUE KEY `sessions_session_token_key` (`session_token`),
  KEY `sessions_user_id_fkey` (`user_id`),
  CONSTRAINT `sessions_user_id_fkey` FOREIGN KEY (`user_id`) REFERENCES `User` (`id`) ON DELETE CASCADE ON UPDATE CASCADE
) ENGINE=InnoDB DEFAULT CHARSET=utf8mb4 COLLATE=utf8mb4_unicode_ci;
/*!40101 SET character_set_client = @saved_cs_client */;

--
-- Dumping data for table `sessions`
--

LOCK TABLES `sessions` WRITE;
/*!40000 ALTER TABLE `sessions` DISABLE KEYS */;
/*!40000 ALTER TABLE `sessions` ENABLE KEYS */;
UNLOCK TABLES;

--
-- Table structure for table `verification_tokens`
--

DROP TABLE IF EXISTS `verification_tokens`;
/*!40101 SET @saved_cs_client     = @@character_set_client */;
/*!40101 SET character_set_client = utf8 */;
CREATE TABLE `verification_tokens` (
  `identifier` varchar(191) NOT NULL,
  `token` varchar(191) NOT NULL,
  `expires` datetime(3) NOT NULL,
  `createdAt` datetime(3) NOT NULL DEFAULT current_timestamp(3),
  `updatedAt` datetime(3) NOT NULL,
  UNIQUE KEY `verification_tokens_token_key` (`token`),
  UNIQUE KEY `verification_tokens_identifier_token_key` (`identifier`,`token`)
) ENGINE=InnoDB DEFAULT CHARSET=utf8mb4 COLLATE=utf8mb4_unicode_ci;
/*!40101 SET character_set_client = @saved_cs_client */;

--
-- Dumping data for table `verification_tokens`
--

LOCK TABLES `verification_tokens` WRITE;
/*!40000 ALTER TABLE `verification_tokens` DISABLE KEYS */;
/*!40000 ALTER TABLE `verification_tokens` ENABLE KEYS */;
UNLOCK TABLES;
/*!40103 SET TIME_ZONE=@OLD_TIME_ZONE */;

/*!40101 SET SQL_MODE=@OLD_SQL_MODE */;
/*!40014 SET FOREIGN_KEY_CHECKS=@OLD_FOREIGN_KEY_CHECKS */;
/*!40014 SET UNIQUE_CHECKS=@OLD_UNIQUE_CHECKS */;
/*!40101 SET CHARACTER_SET_CLIENT=@OLD_CHARACTER_SET_CLIENT */;
/*!40101 SET CHARACTER_SET_RESULTS=@OLD_CHARACTER_SET_RESULTS */;
/*!40101 SET COLLATION_CONNECTION=@OLD_COLLATION_CONNECTION */;
/*!40111 SET SQL_NOTES=@OLD_SQL_NOTES */;

-- Dump completed on 2025-07-14 10:40:44
